trial_index	trial_type	block_number	block_type	is_practice	kin_parse_failed	kin_n_samples	duration	path_length	max_velocity	mean_velocity	max_acceleration	mean_acceleration
2	go	1	go_only	1	0	38	0.609306	731.838192	7303.288398	1201.102029	259878.040521	39471.267608
3	go	1	go_only	1	0	34	0.542321	573.586279	7377.460516	1057.651263	310538.504135	41889.485889
4	go	1	go_only	1	0	32	0.507958	582.149534	3834.087811	1146.058855	107114.336452	31422.934665
5	go	1	go_only	1	0	32	0.509611	571.059288	10204.569082	1120.579031	552174.273909	44611.269491
6	go	1	go_only	1	0	36	0.574991	490.194766	4894.260817	852.526278	175079.246298	28147.725327
7	go	1	go_only	1	0	45	0.728451	584.835806	5857.620838	802.848518	350156.072285	23648.912719
8	go	1	go_only	1	0	37	0.593746	807.907468	11518.581537	1360.695429	701988.695918	49413.556711
9	go	1	go_only	1	0	35	0.560824	482.863883	4984.203827	860.990663	298374.917309	31298.029029
10	go	1	go_only	1	0	42	0.677011	799.373543	7874.954590	1180.739547	259553.638831	34776.036815
11	go	1	go_only	1	0	34	0.543082	615.269006	7646.733721	1132.921632	275084.297950	42997.776521
12	go	1	go_only	1	0	39	0.625704	605.308649	2635.983004	967.404773	75796.925782	17809.061259
13	go	1	go_only	1	0	27	0.426634	708.520691	6731.868894	1660.723298	207366.597569	35547.472602
14	go	1	go_only	1	0	41	0.661860	625.812677	5407.925547	945.536904	156426.345658	28359.237170
15	go	1	go_only	1	0	33	0.527093	500.969925	6282.514451	950.440066	395293.263581	34681.039713
17	go	1	go_only	1	0	37	0.594457	594.248473	6367.507589	999.649383	170119.862166	25703.067528
18	go	1	go_only	1	0	33	0.526420	671.111828	5028.956753	1274.860778	142866.586660	24983.264829
19	nogo	2	go_nogo_prac	1	0	31	0.493080	566.612327	5047.608005	1149.128593	218924.185455	31245.621589
20	go	2	go_nogo_prac	1	0	35	0.561499	504.973239	8571.693757	899.331253	284572.923275	36541.530328
21	nogo	2	go_nogo_prac	1	0	68	1.107876	2144.872110	19663.816528	1936.021471	673912.770654	74234.416465
22	go	2	go_nogo_prac	1	0	63	1.027167	630.352994	5587.755729	613.681358	309488.951533	21897.460052
23	go	2	go_nogo_prac	1	0	50	0.809629	600.340551	7639.430179	741.501257	234626.131933	22147.822952
24	go	2	go_nogo_prac	1	0	42	0.675594	565.729148	2926.669861	837.379990	161765.057616	19834.555286
25	nogo	2	go_nogo_prac	1	0	47	0.760925	613.185167	4753.333979	805.842218	121801.859544	21588.244901
26	go	2	go_nogo_prac	1	0	34	0.543474	519.173743	6696.694796	955.286650	349751.654571	32020.541285
27	go	2	go_nogo_prac	1	0	30	0.477464	592.100067	6977.600252	1240.092596	164233.200347	32281.339858
28	go	2	go_nogo_prac	1	0	36	0.577367	553.074559	7242.996992	957.925643	255561.504290	29297.570867
29	go	2	go_nogo_prac	1	0	36	0.578029	615.516156	3342.717391	1064.853786	85716.122309	26291.939510
30	go	2	go_nogo_prac	1	0	28	0.442615	582.026777	5626.936839	1314.972412	228516.565393	35455.445780
31	nogo	2	go_nogo_prac	1	0	40	0.642922	634.341298	5356.658858	986.654201	147310.886598	23607.149959
32	go	2	go_nogo_prac	1	0	35	0.558453	556.576871	7859.599447	996.641025	352201.139441	36326.129610
33	go	2	go_nogo_prac	1	0	42	0.675839	619.647729	3128.515720	916.857423	105649.825877	21961.698540
34	go	2	go_nogo_prac	1	0	36	0.576913	579.616592	4902.589177	1004.686656	163230.648321	26700.921881
35	go	2	go_nogo_prac	1	0	31	0.494749	667.555051	2760.273147	1349.279425	74584.577378	22304.101456
36	go	2	go_nogo_prac	1	0	40	0.644105	624.049325	6287.394641	968.863175	176843.106959	28469.595242
37	go	3	go_only	0	0	34	0.543127	769.687583	7184.877253	1417.141341	298242.517021	50725.987578
38	go	3	go_only	0	0	39	0.628013	595.289407	7197.410170	947.893899	311004.555607	42259.247307
39	go	3	go_only	0	0	31	0.495729	718.651392	7548.154579	1449.686879	259331.654057	43807.097871
40	go	3	go_only	0	0	41	0.660226	977.404333	16352.064517	1480.407831	734362.290528	79466.072425
41	go	3	go_only	0	0	35	0.560541	643.360834	3352.928938	1147.750232	130458.943698	20141.717087
42	go	3	go_only	0	0	39	0.626624	596.497019	6799.334612	951.921150	274579.472729	33567.310378
43	go	3	go_only	0	0	44	0.710861	606.465732	3054.993147	853.142742	50236.988042	15489.924537
44	go	3	go_only	0	0	38	0.610702	589.304525	3757.809261	964.961705	177241.408797	19575.754546
45	go	3	go_only	0	0	40	0.644014	772.371436	4334.644597	1199.307897	108684.389054	21693.908771
46	go	3	go_only	0	0	41	0.658852	588.979016	3042.754448	893.947783	158065.438926	16871.991194
47	go	3	go_only	0	0	42	0.676794	599.266183	3209.133263	885.448820	130476.180959	17164.713696
48	go	3	go_only	0	0	35	0.561210	619.043261	3254.608669	1103.051802	195721.199196	20959.775507
49	go	3	go_only	0	0	39	0.626050	586.978137	3225.181304	937.590168	137925.583624	21643.388363
50	go	3	go_only	0	0	44	0.709738	577.810190	3685.282314	814.117705	118833.393597	17345.733874
51	go	3	go_only	0	0	30	0.478283	467.986629	6356.765354	978.471812	381551.672072	37584.492236
52	go	3	go_only	0	0	28	0.442296	594.359514	8197.153568	1343.803645	243962.775916	39299.899436
53	go	3	go_only	0	0	38	0.612817	716.497187	3874.324338	1169.187166	95485.137964	20405.598676
54	go	3	go_only	0	0	28	0.443708	546.064941	4614.588834	1230.685085	256866.536122	25418.407967
55	go	4	go_nogo	0	0	32	0.510164	579.740966	4083.887770	1136.382012	192428.122265	23317.403809
56	go	4	go_nogo	0	0	36	0.578903	808.710924	5897.842738	1396.970416	341357.629392	29285.258487
57	go	4	go_nogo	0	0	39	0.626492	696.884836	7783.172671	1112.360488	472672.832974	33410.702064
58	go	4	go_nogo	0	0	34	0.544665	581.779399	4322.952038	1068.140720	115819.460755	20182.428032
59	go	4	go_nogo	0	0	43	0.695551	721.147691	4232.110127	1036.800745	93845.383920	18979.294435
60	nogo	4	go_nogo	0	0	31	0.494336	434.143836	2875.234387	878.236334	161583.312659	23133.489128
61	go	4	go_nogo	0	0	34	0.543678	598.940877	6434.703536	1101.646539	147354.314591	27257.119991
62	go	4	go_nogo	0	0	30	0.476827	586.072959	3663.168015	1229.109489	108954.775741	25244.288996
63	nogo	4	go_nogo	0	0	36	0.576877	465.467872	2312.870314	806.875421	80861.079624	15940.168301
64	go	4	go_nogo	0	0	39	0.626155	540.720663	6444.961596	863.557207	385367.407773	32371.780403
65	nogo	4	go_nogo	0	0	33	0.526679	507.897274	2429.218480	964.338597	90162.938576	12743.742863
66	go	4	go_nogo	0	0	35	0.560750	599.141409	2422.138295	1068.464965	143734.285274	17158.967411
67	go	4	go_nogo	0	0	36	0.579023	606.217923	3021.050242	1046.966370	76193.407918	19224.592616
68	go	4	go_nogo	0	0	37	0.595081	614.197305	2947.004837	1032.124564	81782.136995	17350.263975
69	go	4	go_nogo	0	0	36	0.579680	606.281406	3308.886967	1045.890713	92332.279692	21870.554411
70	go	4	go_nogo	0	0	38	0.610886	602.368922	2605.829345	986.057344	103224.860186	18153.258945
71	nogo	4	go_nogo	0	0	30	0.477825	575.870188	4422.400800	1205.190830	217569.644478	19355.582929
72	go	4	go_nogo	0	0	32	0.510584	581.838103	4258.171831	1139.554125	121819.254613	22300.345920
73	go	4	go_nogo	0	0	37	0.594483	586.531594	4564.917413	986.625002	198324.462339	24642.012278
74	go	4	go_nogo	0	0	38	0.611206	657.119876	2718.972352	1075.120836	128299.194700	20228.949887
75	go	4	go_nogo	0	0	36	0.578145	521.416809	2653.402374	901.879112	107245.702456	18978.597620
76	go	4	go_nogo	0	0	43	0.691776	605.350204	5096.441927	875.067423	181475.405750	23032.510940
77	go	4	go_nogo	0	0	31	0.492963	562.782984	4563.049305	1141.633547	137924.324388	28295.543174
78	go	4	go_nogo	0	0	33	0.528899	647.261135	5700.644321	1223.790600	343143.580116	34511.056307
79	go	4	go_nogo	0	0	33	0.525963	582.596856	4859.800145	1107.676713	148505.977192	29059.206785
80	go	4	go_nogo	0	0	38	0.610347	571.076087	2542.919074	935.658361	135656.580513	19129.205325
81	go	4	go_nogo	0	0	31	0.494395	599.948285	6633.370543	1213.498922	275077.360231	37021.955321
82	go	4	go_nogo	0	0	37	0.596043	588.909172	3195.792040	988.031520	151544.233321	22487.451566
83	nogo	4	go_nogo	0	0	37	0.595963	618.755949	2813.614745	1038.246100	67950.878258	15241.488470
84	go	4	go_nogo	0	0	34	0.543761	579.996551	4034.022639	1066.639334	141708.239234	31692.694499
85	go	4	go_nogo	0	0	55	0.892008	584.549012	2735.862446	655.318201	53801.019875	12915.042649
86	nogo	4	go_nogo	0	0	35	0.558692	511.024011	2884.640800	914.679634	71718.001500	17561.905765
87	go	4	go_nogo	0	0	48	0.777523	596.763555	2321.318018	767.519142	69487.381749	12526.614414
88	nogo	4	go_nogo	0	0	41	0.659912	436.641357	6409.826842	661.665634	178025.320593	20333.586594
89	go	4	go_nogo	0	0	45	0.727503	556.209659	4010.077831	764.546206	111544.655062	18025.939232
90	go	4	go_nogo	0	0	40	0.641320	581.806978	2281.021038	907.202864	50227.513040	14219.294563
91	go	4	go_nogo	0	0	37	0.594559	593.207492	2302.566653	997.726874	66267.066200	14107.499776
92	go	4	go_nogo	0	0	44	0.712992	560.028922	3403.694124	785.463563	116098.560808	17247.444508
93	nogo	4	go_nogo	0	0	33	0.528675	539.971613	3639.082562	1021.368170	219348.693098	18918.673551
94	go	4	go_nogo	0	0	39	0.628026	672.712045	4450.095749	1071.153348	112024.105087	19607.810625
95	go	4	go_nogo	0	0	45	0.728218	619.547985	2341.009083	850.773039	89626.160172	13491.903163
96	go	4	go_nogo	0	0	45	0.727776	622.865339	2997.689988	855.847947	77767.774963	14561.675995
97	go	4	go_nogo	0	0	31	0.493233	567.583214	4677.894926	1150.741483	228884.218795	32936.942004
98	nogo	4	go_nogo	0	0	38	0.610454	542.266821	2992.884047	888.300145	136038.010487	19140.646070
99	go	4	go_nogo	0	0	40	0.644541	607.681785	2658.563340	942.813820	61201.101145	15284.474471
100	go	4	go_nogo	0	0	39	0.626531	595.633766	2678.433733	950.685531	103194.932819	15679.570396
101	go	4	go_nogo	0	0	45	0.727999	574.903291	2128.140151	789.703516	67139.355513	9283.663531
102	go	4	go_nogo	0	0	39	0.627851	602.481767	6178.176481	959.594003	303297.183578	23198.720997
103	go	4	go_nogo	0	0	34	0.543050	579.070939	2946.958922	1066.330207	71859.517582	16006.289384
104	go	4	go_nogo	0	0	34	0.545012	551.916943	2647.064961	1012.669899	89030.073227	22832.487182
105	go	4	go_nogo	0	0	40	0.644277	633.766006	4415.595453	983.686057	184743.233197	28981.961962
106	go	4	go_nogo	0	0	41	0.659863	608.660134	2257.997244	922.403234	118586.372551	14826.890371
107	go	4	go_nogo	0	0	40	0.643840	627.291327	2858.037329	974.296766	84082.444527	16058.774903
108	go	4	go_nogo	0	0	49	0.794947	611.900928	3290.684134	769.737921	109156.959951	12980.005760
109	go	4	go_nogo	0	0	35	0.561715	582.592558	3229.701050	1037.168267	94374.223736	19423.009574
110	nogo	4	go_nogo	0	0	34	0.541243	461.743997	2219.194725	853.117252	82304.195844	21676.945937
111	go	4	go_nogo	0	0	40	0.643417	613.745387	3260.460563	953.884467	107556.600195	22901.907289
112	nogo	4	go_nogo	0	0	41	0.661217	531.459188	3035.966015	803.759110	69284.075593	11393.120916
113	go	4	go_nogo	0	0	39	0.627324	573.717696	2677.905269	914.548243	53654.874732	18915.127532
114	nogo	4	go_nogo	0	0	37	0.594723	549.058058	4737.444047	923.216452	142305.612395	31825.662200
115	go	5	go_nogo	0	0	42	0.676869	1259.593052	9739.914170	1860.911675	274576.848920	48949.706273
116	go	5	go_nogo	0	0	35	0.558481	626.890264	4795.488726	1122.492663	164054.775610	23626.566243
117	go	5	go_nogo	0	0	37	0.595197	599.633920	4497.982715	1007.455386	119754.781555	21919.041821
118	go	5	go_nogo	0	0	38	0.609967	593.873357	2764.289475	973.615871	76111.679596	23278.857193
119	nogo	5	go_nogo	0	0	37	0.592882	516.234804	2873.719273	870.720993	89014.857383	15330.133919
120	go	5	go_nogo	0	0	42	0.677493	563.347584	1994.473920	831.518186	58295.270240	14485.558599
121	go	5	go_nogo	0	0	38	0.611740	616.326814	2458.520589	1007.498145	64205.966140	13212.672167
122	go	5	go_nogo	0	0	39	0.627033	598.627699	3427.441668	954.698569	186508.475525	16840.825426
123	go	5	go_nogo	0	0	49	0.794774	578.369505	3121.483643	727.715776	93232.152526	13406.042945
124	go	5	go_nogo	0	0	35	0.560624	605.439156	3917.551921	1079.938183	118796.858531	19367.102778
125	go	5	go_nogo	0	0	34	0.544915	543.991791	3418.919176	998.305958	166308.690089	17495.811999
126	go	5	go_nogo	0	0	35	0.558958	638.187298	4822.645410	1141.745043	190936.456717	31044.431338
127	go	5	go_nogo	0	0	49	0.793152	612.340338	3507.980241	772.034325	140428.067365	17054.681413
128	go	5	go_nogo	0	0	35	0.560129	612.401182	5057.072440	1093.321685	134189.212030	24105.326428
129	go	5	go_nogo	0	0	38	0.610855	675.553222	6630.951255	1105.914929	153165.893119	26080.284075
130	go	5	go_nogo	0	0	32	0.511511	532.498868	4136.374910	1041.031728	252431.934177	24496.891914
132	go	5	go_nogo	0	0	38	0.611535	565.424661	2805.387096	924.599624	99800.290158	16273.741098
133	nogo	5	go_nogo	0	0	38	0.609530	446.528448	2423.457551	732.578535	91564.962827	12858.003445
134	go	5	go_nogo	0	0	35	0.560440	567.104360	4344.515982	1011.891840	101019.967224	23434.275176
135	nogo	5	go_nogo	0	0	31	0.493461	483.846562	3028.454319	980.515721	74656.567142	14858.618360
136	go	5	go_nogo	0	0	49	0.791738	592.453918	2318.357043	748.295608	48355.480121	12687.870884
137	go	5	go_nogo	0	0	50	0.810413	590.049104	3347.420827	728.084002	98719.806354	12860.884664
138	go	5	go_nogo	0	0	33	0.527250	565.315429	3357.396409	1072.197184	85884.584852	16685.572454
139	go	5	go_nogo	0	0	38	0.607107	573.647166	3358.742731	944.886585	106204.977343	19039.746991
140	nogo	5	go_nogo	0	0	37	0.594092	552.655973	2182.696059	930.253338	92182.771103	13018.600987
141	go	5	go_nogo	0	0	37	0.593592	602.281156	3010.806862	1014.638605	68546.216648	17519.532118
142	nogo	5	go_nogo	0	0	33	0.527640	487.903606	2391.459323	924.690682	143651.896269	14114.387885
143	go	5	go_nogo	0	0	36	0.577466	610.020126	2990.183723	1056.373735	79889.179535	15223.583349
144	go	5	go_nogo	0	0	29	0.461234	631.050750	4682.450517	1368.180354	148945.609536	23717.904660
145	nogo	5	go_nogo	0	0	48	0.775546	574.157286	2595.770349	740.326921	88861.636873	12352.610499
146	go	5	go_nogo	0	0	43	0.694774	623.470031	2897.492990	897.370860	86345.024835	14491.158470
147	go	5	go_nogo	0	0	38	0.611498	597.737527	2467.793664	977.496469	93097.492363	19501.953512
148	go	5	go_nogo	0	0	43	0.691864	566.204112	2279.405341	818.375109	80176.685362	12970.360259
149	nogo	5	go_nogo	0	0	38	0.608960	528.656704	2195.905117	868.130282	105885.875974	12367.055285
150	go	5	go_nogo	0	0	37	0.592103	584.498861	3931.197088	987.158238	161772.611676	23318.910036
151	go	5	go_nogo	0	0	36	0.576842	544.805795	3270.178932	944.463101	112911.503004	22851.455419
152	go	5	go_nogo	0	0	42	0.677553	561.244017	2609.270385	828.340142	74972.194909	15301.726558
153	go	5	go_nogo	0	0	36	0.577281	575.179952	2830.057069	996.360959	168924.340915	15693.998072
154	go	5	go_nogo	0	0	41	0.659876	601.931249	3085.017250	912.188701	87010.583204	17699.948088
155	go	5	go_nogo	0	0	39	0.628190	585.915765	2511.458489	932.705293	103029.859166	15903.264957
156	nogo	5	go_nogo	0	0	40	0.642833	575.228345	3773.259173	894.833533	150110.854434	16901.533478
157	go	5	go_nogo	0	0	33	0.527220	573.039178	2553.619955	1086.908163	124085.273113	19357.961514
158	go	5	go_nogo	0	0	41	0.662096	814.754829	4400.367662	1230.569025	190847.976492	29005.886552
159	nogo	5	go_nogo	0	0	33	0.527588	511.065713	2439.692000	968.682436	97547.480920	16388.121191
160	go	5	go_nogo	0	0	42	0.677282	579.043028	2477.649080	854.951660	54327.562919	15529.663127
161	nogo	5	go_nogo	0	0	35	0.560075	368.116763	2048.294800	657.263454	55314.041256	13629.935237
162	go	5	go_nogo	0	0	45	0.726147	532.714281	2387.400876	733.618089	65590.912763	14055.629380
163	go	5	go_nogo	0	0	38	0.611961	585.508379	3790.185459	956.774478	116971.400813	17106.592863
164	go	5	go_nogo	0	0	58	0.944843	671.221401	2346.685365	710.405297	66033.268928	11993.655194
165	nogo	5	go_nogo	0	0	46	0.743587	479.771005	3149.712918	645.211923	85884.731750	12812.992341
166	go	5	go_nogo	0	0	38	0.610468	597.234819	3297.863957	978.323053	115405.291058	15746.691181
167	go	5	go_nogo	0	0	49	0.793289	660.850062	2155.686342	833.050937	79028.413448	13087.130172
168	go	5	go_nogo	0	0	40	0.642076	586.206757	3099.048367	912.986843	93429.772240	12989.350225
169	go	5	go_nogo	0	0	45	0.726625	530.444406	2372.278404	730.011626	60254.944414	12753.816788
170	go	5	go_nogo	0	0	37	0.593884	575.233855	4426.533116	968.596970	156528.449035	21880.058810
171	nogo	5	go_nogo	0	0	34	0.544678	537.649382	3272.015147	987.096192	88133.066610	16907.987776
173	go	5	go_nogo	0	0	35	0.561044	598.071030	2887.638455	1065.997610	82676.076862	18885.409633
174	go	5	go_nogo	0	0	39	0.625483	596.595980	3451.236661	953.816458	154291.287546	20564.488539
175	go	6	go_only	0	0	44	0.710889	852.412645	8410.441703	1199.079976	277964.156555	32896.179192
176	go	6	go_only	0	0	31	0.494405	524.293985	5803.771326	1060.454885	178536.123427	32117.617483
177	go	6	go_only	0	0	35	0.562796	603.469259	5066.173017	1072.269415	159817.553337	23310.600254
178	go	6	go_only	0	0	34	0.545145	504.891986	5283.416350	926.160054	178265.523630	26351.905212
179	go	6	go_only	0	0	35	0.561428	502.270607	3613.521646	894.630808	226208.450424	22000.690313
180	go	6	go_only	0	0	42	0.678116	600.628557	2944.219768	885.731286	88796.393634	16371.744129
181	go	6	go_only	0	0	42	0.677292	761.497626	3540.592198	1124.327581	75203.300635	15300.815838
182	go	6	go_only	0	0	32	0.509088	579.537553	2925.930127	1138.384064	98632.778219	22190.954438
183	go	6	go_only	0	0	30	0.478373	571.955177	4200.180416	1195.626709	126254.612256	23555.536131
184	go	6	go_only	0	0	32	0.511708	604.886405	3477.604908	1182.093385	101406.934721	21840.356913
185	go	6	go_only	0	0	42	0.676728	784.263824	9831.841170	1158.906218	360899.062040	36754.923022
186	go	6	go_only	0	0	29	0.460248	537.899255	6470.440670	1168.716371	248978.908536	35038.268019
187	go	6	go_only	0	0	41	0.658982	859.712861	7964.847356	1304.606513	262734.905711	30951.901600
188	go	6	go_only	0	0	46	0.744018	587.022654	3716.853551	788.990385	223375.315832	22936.144413
189	go	6	go_only	0	0	24	0.376611	509.196860	7231.368916	1352.051322	434567.011282	42691.502594
190	go	6	go_only	0	0	37	0.594829	642.822784	5300.673471	1080.684466	120592.061917	29865.572160
191	go	6	go_only	0	0	32	0.509589	597.873631	7333.689910	1173.246966	328489.571294	39417.643510
192	go	6	go_only	0	0	37	0.593301	555.553580	7166.248210	936.377443	265152.365830	32235.794145
193	go	7	go_nogo	0	0	39	0.624778	575.804261	2216.788489	921.614175	131524.241629	14862.594873
194	go	7	go_nogo	0	0	37	0.660235	586.817622	2277.226012	888.801545	172722.078592	18835.168272
195	nogo	7	go_nogo	0	0	37	0.593604	452.339023	2266.167318	762.021521	80800.122953	14505.792346
196	go	7	go_nogo	0	0	31	0.494748	673.499317	6421.910801	1361.297155	239686.066748	30984.794891
197	go	7	go_nogo	0	0	31	0.493114	528.885598	4562.838264	1072.542682	284558.477232	26706.970570
199	go	7	go_nogo	0	0	40	0.642149	600.756866	3854.615864	935.541668	112526.192421	21705.110587
200	go	7	go_nogo	0	0	34	0.544096	624.778034	3756.206605	1148.287028	115778.069711	20088.543064
201	nogo	7	go_nogo	0	0	33	0.527165	395.158276	5546.268569	749.590975	182280.475610	24011.871191
202	go	7	go_nogo	0	0	89	1.458305	588.132163	3847.545930	403.298434	85206.375284	9025.457330
203	go	7	go_nogo	0	0	51	0.828066	569.304437	2950.726975	687.511276	131570.595769	15887.383653
204	go	7	go_nogo	0	0	49	0.794824	569.066326	3102.904871	715.964932	121697.574346	16140.848008
205	go	7	go_nogo	0	0	38	0.610956	484.806892	2617.896703	793.522428	158187.759876	12568.063025
206	go	7	go_nogo	0	0	36	0.579214	623.652137	3879.595772	1076.720706	119255.702504	18566.454201
207	go	7	go_nogo	0	0	40	0.642567	592.500730	4603.632539	922.084399	194323.776716	25230.926353
208	go	7	go_nogo	0	0	36	0.576404	505.085488	6395.607495	876.270682	385919.208803	33010.311980
209	go	7	go_nogo	0	0	38	0.611864	621.425231	3247.515345	1015.627063	105976.018554	22082.734545
210	go	7	go_nogo	0	0	37	0.594035	601.657029	2542.055285	1012.830261	138400.690385	17862.505632
211	go	7	go_nogo	0	0	38	0.610306	593.212537	3602.789410	971.992298	111480.295705	20065.443416
212	nogo	7	go_nogo	0	0	47	0.759091	619.994695	2376.938638	816.759811	141912.714495	16791.891363
213	go	7	go_nogo	0	0	34	0.543312	622.471473	5596.992135	1145.698213	173831.458554	25860.413843
214	go	7	go_nogo	0	0	35	0.558862	548.973993	6611.559073	982.307769	400579.160658	28437.149948
215	go	7	go_nogo	0	0	41	0.660034	560.128807	4884.505952	848.636679	176182.067384	21450.091352
216	go	7	go_nogo	0	0	36	0.577458	584.158700	3148.644279	1011.603788	84499.452039	19257.302169
217	nogo	7	go_nogo	0	0	34	0.544923	470.104930	3847.370738	862.699897	118515.448086	19789.537618
218	go	7	go_nogo	0	0	28	0.443994	583.028023	5979.771512	1313.144219	165173.199183	30595.445027
219	go	7	go_nogo	0	0	41	0.661454	618.932459	3525.373371	935.715186	69338.858073	17070.733214
220	go	7	go_nogo	0	0	33	0.526746	562.614478	4525.555172	1068.095260	272205.659385	28351.734795
221	go	7	go_nogo	0	0	32	0.510023	581.179462	4361.253660	1139.517299	143219.902739	28116.090270
222	nogo	7	go_nogo	0	0	41	0.661337	710.587853	7224.747365	1074.472292	196533.389393	25215.936838
223	go	7	go_nogo	0	0	35	0.559474	563.876899	3011.109995	1007.869892	91335.571223	23431.557916
224	go	7	go_nogo	0	0	30	0.479312	597.776240	3735.353859	1247.155016	225642.144720	30743.663448
225	go	7	go_nogo	0	0	39	0.627742	692.514652	8466.728266	1103.184260	298862.921735	33809.879846
226	go	7	go_nogo	0	0	45	0.728176	630.296241	3613.612826	865.582754	108882.461110	16795.460091
227	go	7	go_nogo	0	0	50	0.810858	509.346608	4082.090036	628.157746	138756.358579	13274.907948
228	go	7	go_nogo	0	0	39	0.628056	650.379412	3124.524124	1035.543335	187190.287943	19052.710621
229	go	7	go_nogo	0	0	38	0.610418	576.817376	4633.686710	944.955349	132269.880531	26013.344190
230	go	7	go_nogo	0	0	36	0.577445	583.406249	2661.570167	1010.324017	75444.300425	15825.228442
231	go	7	go_nogo	0	0	41	0.659988	583.799138	2761.343773	884.560767	137640.637900	20839.992401
233	go	7	go_nogo	0	0	38	0.607548	465.520125	3031.427447	766.227983	147780.120937	16937.792138
235	go	7	go_nogo	0	0	44	0.710151	608.020160	2556.028993	856.184815	112941.882758	17690.946392
236	go	7	go_nogo	0	0	37	0.594071	633.698995	5620.429019	1066.705643	339277.011054	32482.273537
237	go	7	go_nogo	0	0	32	0.512564	580.662368	4201.179507	1132.857168	136280.992728	25116.423776
238	go	7	go_nogo	0	0	44	0.712226	606.095683	4683.954709	850.988104	176050.412881	23584.750269
239	go	7	go_nogo	0	0	38	0.611314	594.224696	5035.081004	972.045283	199752.687556	31008.491750
240	go	7	go_nogo	0	0	41	0.660537	679.001448	3498.310569	1027.954470	122430.314214	16734.273554
241	nogo	7	go_nogo	0	0	37	0.593402	543.140872	3318.833775	915.300191	91689.100216	16207.386757
242	go	7	go_nogo	0	0	33	0.527702	526.700797	4265.178487	998.103279	262438.607121	25164.313236
243	nogo	7	go_nogo	0	0	34	0.543275	529.088666	2606.383651	973.887201	56595.011919	13326.956651
244	go	7	go_nogo	0	0	29	0.460711	625.821912	5243.862639	1358.383419	318520.253993	29146.141859
245	go	7	go_nogo	0	0	27	0.426321	580.105895	4258.684424	1360.726868	173615.622301	39243.846899
246	go	7	go_nogo	0	0	40	0.644067	607.068400	2538.799321	942.555173	70609.871529	17053.598596
247	nogo	7	go_nogo	0	0	34	0.543390	589.633958	2851.677344	1085.102305	130884.346206	15153.026279
248	go	7	go_nogo	0	0	39	0.628484	654.439148	3530.610163	1041.298687	135687.646774	21641.560399
249	nogo	7	go_nogo	0	0	32	0.511191	617.965479	3191.694837	1208.873469	189202.054202	19690.470125
250	go	7	go_nogo	0	0	32	0.510058	566.946059	2850.413345	1111.532530	152298.213577	25157.244565
251	go	7	go_nogo	0	0	30	0.477651	657.584277	3319.938816	1376.705356	46134.959561	20116.624528
252	go	7	go_nogo	0	0	39	0.625362	588.677643	3113.149184	941.339607	74429.110781	17402.709991
253	nogo	8	go_nogo	0	0	65	1.059081	1431.534115	10217.351468	1351.675504	391794.769416	45033.616106
254	go	8	go_nogo	0	0	40	0.644724	647.381888	2832.609535	1004.122833	114743.680867	20168.695821
255	go	8	go_nogo	0	0	29	0.459408	501.803054	5091.353075	1092.282400	315815.293754	33073.929529
256	nogo	8	go_nogo	0	0	29	0.461177	564.887303	4687.828056	1224.881511	281370.414497	23610.085890
257	go	8	go_nogo	0	0	31	0.494377	637.746583	6196.337908	1289.999991	326714.785246	35231.675700
258	go	8	go_nogo	0	0	34	0.544417	601.263899	3896.457568	1104.418746	228136.144707	21940.360912
260	go	8	go_nogo	0	0	37	0.595636	570.663558	3783.217751	958.074485	228543.504613	23958.910749
261	go	8	go_nogo	0	0	32	0.510853	563.497038	5143.334083	1103.051678	253061.171811	24003.288747
262	go	8	go_nogo	0	0	38	0.610854	593.799147	2730.684565	972.080789	139827.160087	13987.665558
263	go	8	go_nogo	0	0	38	0.611358	660.187543	3591.813902	1079.869915	114109.818299	20392.478951
264	go	8	go_nogo	0	0	42	0.675248	643.021093	2953.778486	952.274392	66352.444012	17093.826758
265	go	8	go_nogo	0	0	41	0.659944	579.493685	5758.404109	878.095905	230809.527476	23758.372122
266	go	8	go_nogo	0	0	41	0.662510	594.483140	4796.971556	897.319903	122396.160536	17383.425568
267	go	8	go_nogo	0	0	32	0.510119	606.705263	4612.742798	1189.340883	246491.580364	24369.977458
268	nogo	8	go_nogo	0	0	39	0.626009	536.508946	3874.815194	857.030861	140490.201242	16264.371431
269	go	8	go_nogo	0	0	47	0.759430	574.768206	3026.674188	756.841786	73956.079117	13264.951556
270	go	8	go_nogo	0	0	35	0.560358	688.468379	5494.204173	1228.622818	146684.946796	28277.536656
271	go	8	go_nogo	0	0	42	0.676533	583.006799	4404.124614	861.757013	171123.395775	18561.187279
272	go	8	go_nogo	0	0	43	0.692402	633.833293	1839.436060	915.412677	41904.638026	15819.132153
273	go	8	go_nogo	0	0	35	0.559365	635.294321	4033.513588	1135.742400	98633.171278	18382.078145
274	nogo	8	go_nogo	0	0	33	0.526910	493.742502	2735.929629	937.053355	75187.043210	15316.909374
275	go	8	go_nogo	0	0	57	0.925124	640.698710	3389.412480	692.554040	149080.058259	16345.176844
276	go	8	go_nogo	0	0	30	0.476656	618.068763	5650.490850	1296.676498	238886.927407	30979.423175
277	go	8	go_nogo	0	0	35	0.559702	538.378825	3910.789329	961.902628	235855.410232	23854.770179
278	go	8	go_nogo	0	0	42	0.679525	619.892458	2491.079133	912.244457	104300.222897	16691.251799
280	go	8	go_nogo	0	0	40	0.641916	630.920772	5382.375440	982.871849	142973.340951	26438.219884
281	go	8	go_nogo	0	0	28	0.442715	593.741758	4978.654933	1341.136748	155768.645209	31780.123585
282	go	8	go_nogo	0	0	30	0.477526	589.816006	5800.621621	1235.148994	169211.313965	34213.485789
283	go	8	go_nogo	0	0	34	0.544953	584.657612	4550.926972	1072.858781	217707.782557	29292.375144
284	nogo	8	go_nogo	0	0	36	0.576060	551.315959	3183.078489	957.046069	117059.785933	18268.325766
285	go	8	go_nogo	0	0	34	0.542327	613.938329	3044.255671	1132.043723	108837.544310	21318.867015
286	go	8	go_nogo	0	0	48	0.778963	581.841488	2349.560167	746.943773	94566.653034	14729.609543
287	go	8	go_nogo	0	0	51	0.829137	603.292849	2234.286740	727.615662	71140.484589	10181.906067
288	go	8	go_nogo	0	0	42	0.677704	587.449892	4242.832408	866.824344	263366.382179	22669.849129
289	nogo	8	go_nogo	0	0	37	0.592299	434.723971	2603.619977	733.960580	62660.273597	12439.753278
290	go	8	go_nogo	0	0	38	0.612229	535.075537	4605.753255	873.979690	193469.882519	24921.264930
291	nogo	8	go_nogo	0	0	47	0.759940	641.861809	2758.449632	844.622249	101311.365838	15446.088518
293	go	8	go_nogo	0	0	34	0.544737	631.857826	4086.818068	1159.932543	143540.927644	20358.733049
294	nogo	8	go_nogo	0	0	34	0.542539	561.903730	4247.530741	1035.692980	198121.001870	35205.418571
295	go	8	go_nogo	0	0	41	0.662186	593.372149	2689.633951	896.081324	73616.316336	16739.746674
296	go	8	go_nogo	0	0	37	0.593817	619.383200	3301.267698	1043.054883	51945.835087	18106.547850
297	go	8	go_nogo	0	0	36	0.576723	607.228881	2652.333675	1052.895752	83069.032316	15040.931945
298	nogo	8	go_nogo	0	0	38	0.608814	509.390864	2635.985190	836.694154	77668.204237	15498.066987
299	go	8	go_nogo	0	0	37	0.592765	653.010624	3871.839916	1101.635478	142963.613196	22746.533948
300	nogo	8	go_nogo	0	0	34	0.543693	422.607612	1832.990676	777.291168	47735.461521	12112.446373
301	go	8	go_nogo	0	0	43	0.694643	672.248687	2503.587102	967.761547	80259.899313	19209.742059
302	go	8	go_nogo	0	0	44	0.711627	600.928330	2101.618137	844.443322	81064.438796	14293.247136
303	go	8	go_nogo	0	0	48	0.777777	586.015932	2082.242210	753.449325	61435.821761	9954.834588
304	go	8	go_nogo	0	0	49	0.793040	649.174233	2634.893558	818.589829	91576.044291	15184.242501
305	go	8	go_nogo	0	0	43	0.695725	596.873617	2034.639894	857.916258	76455.002567	14936.457217
306	nogo	8	go_nogo	0	0	37	0.594506	542.946415	4147.796834	913.272923	85294.550708	16067.760344
307	go	8	go_nogo	0	0	45	0.727620	598.285032	2432.197690	822.249860	94378.491951	15302.283658
308	go	8	go_nogo	0	0	42	0.677207	628.296768	1928.605409	927.776678	85949.150411	12236.582228
309	go	8	go_nogo	0	0	39	0.629009	615.360084	2907.345327	978.301388	59354.927794	18846.778664
310	go	8	go_nogo	0	0	48	0.777792	632.457836	2098.295427	813.145206	120700.763413	13539.419770
311	go	8	go_nogo	0	0	53	0.861665	585.004340	2883.895929	678.923494	64892.906507	11293.239862
312	go	8	go_nogo	0	0	42	0.676098	598.394969	4087.472099	885.071873	152376.559889	21651.827406
313	go	9	go_only	0	0	29	0.460325	567.995588	5741.930612	1233.901238	178207.804097	30129.745298
314	go	9	go_only	0	0	32	0.509801	539.938736	4873.186818	1059.116876	157918.977177	31481.027876
315	go	9	go_only	0	0	49	0.794466	572.469948	2696.710883	720.572445	153778.864033	11740.981682
316	go	9	go_only	0	0	31	0.494719	593.210964	3889.157711	1199.086196	104644.080742	20462.964988
317	go	9	go_only	0	0	36	0.577432	588.629627	3170.354703	1019.391761	95803.730388	15598.427028
318	go	9	go_only	0	0	31	0.493598	587.729650	5220.108117	1190.704606	187357.174181	32951.145606
319	go	9	go_only	0	0	33	0.527683	631.046125	3946.659080	1195.881097	127621.793730	16995.898297
320	go	9	go_only	0	0	29	0.461830	590.629063	4636.117384	1278.888471	165774.271099	25848.787211
321	go	9	go_only	0	0	33	0.525576	550.272354	3356.440341	1046.989319	105000.615614	21343.106985
322	go	9	go_only	0	0	32	0.511209	576.526095	3630.104210	1127.770067	219020.063187	24657.075118
323	go	9	go_only	0	0	48	0.776402	608.178469	2834.665866	783.329141	61659.123295	12318.916243
324	go	9	go_only	0	0	39	0.627870	569.927156	5013.736313	907.715655	147835.581927	20660.817429
325	go	9	go_only	0	0	29	0.460798	589.932060	8215.451706	1280.240340	318104.587503	40026.883278
326	go	9	go_only	0	0	31	0.493491	583.359667	4519.357336	1182.108974	280008.174062	21107.213840
327	go	9	go_only	0	0	30	0.476482	624.005007	5241.313807	1309.608223	121496.699497	29805.119005
328	go	9	go_only	0	0	42	0.677907	835.925263	5812.136032	1233.097440	118552.812339	21354.574359
329	go	9	go_only	0	0	40	0.644528	539.823019	4374.942247	837.548206	164175.152985	22418.453181
330	go	9	go_only	0	0	33	0.526986	667.123354	5193.839991	1265.922587	151525.141289	20953.582914
331	go	10	go_nogo	0	0	39	0.628135	551.241710	4733.780702	877.585190	144255.520138	23949.199757
332	nogo	10	go_nogo	0	0	35	0.561920	638.097503	5506.515313	1135.567063	162661.916311	26007.860580
333	go	10	go_nogo	0	0	29	0.461127	617.924122	5031.838371	1340.028782	220865.985791	32209.746852
334	go	10	go_nogo	0	0	32	0.512392	611.678308	5025.476509	1193.770913	243183.032055	25631.751238
335	go	10	go_nogo	0	0	26	0.409627	514.383917	5056.394626	1255.738255	156371.437537	30589.675137
336	go	10	go_nogo	0	0	27	0.428126	575.310698	7400.313447	1343.789214	290184.652091	40638.688331
337	go	10	go_nogo	0	0	30	0.476917	535.727358	4020.677821	1123.314555	245728.156458	23669.049559
338	go	10	go_nogo	0	0	42	0.675188	613.043968	3036.652714	907.960805	79315.831028	17729.218671
339	nogo	10	go_nogo	0	0	45	0.728249	620.623241	5156.753614	852.213436	111518.468995	17572.210937
340	go	10	go_nogo	0	0	34	0.544587	547.660288	2630.695294	1005.644076	160639.413497	21659.090605
341	go	10	go_nogo	0	0	39	0.627189	650.513577	4052.739050	1037.188576	191799.282778	24731.571491
342	nogo	10	go_nogo	0	0	43	0.694053	627.462700	3397.693745	904.055756	68665.318711	13888.727677
343	go	10	go_nogo	0	0	36	0.576634	610.426691	3939.248490	1058.603545	71837.652542	19735.749235
344	go	10	go_nogo	0	0	30	0.475976	659.204167	8562.750082	1384.953114	289551.119671	42174.185191
345	go	10	go_nogo	0	0	45	0.728172	589.206187	4258.642146	809.158317	260445.107459	18557.394725
346	nogo	10	go_nogo	0	0	34	0.542604	475.196064	3488.581941	875.768748	98777.143797	20962.120775
347	go	10	go_nogo	0	0	36	0.576462	555.790247	4035.419535	964.140303	237107.038416	17486.037299
348	go	10	go_nogo	0	0	39	0.627585	630.126352	3121.038007	1004.049895	85764.930610	14377.562305
349	nogo	10	go_nogo	0	0	32	0.510967	469.167913	2335.151122	918.195574	74442.726931	16848.381835
350	go	10	go_nogo	0	0	34	0.545191	772.226970	7781.783487	1416.432779	324818.283597	46951.862047
351	go	10	go_nogo	0	0	42	0.675717	771.198905	5906.247799	1141.305084	190148.851789	26354.485670
352	go	10	go_nogo	0	0	50	0.810389	621.816635	2897.545972	767.306646	165006.546282	15514.013477
353	go	10	go_nogo	0	0	36	0.577162	541.772434	4392.853436	938.684130	90811.892870	18046.350906
354	go	10	go_nogo	0	0	36	0.578075	559.037881	4984.672936	967.068248	182353.115921	25658.960002
355	go	10	go_nogo	0	0	38	0.610170	690.641596	3439.291498	1131.884451	97119.169140	21034.733724
356	go	10	go_nogo	0	0	29	0.462494	507.467465	7563.121731	1097.241661	462910.342018	44287.843191
357	go	10	go_nogo	0	0	37	0.591985	649.795226	6030.137477	1097.655440	197229.839619	30130.712234
358	go	10	go_nogo	0	0	36	0.577596	610.665747	3660.476077	1057.255029	80456.935968	21848.119902
359	go	10	go_nogo	0	0	34	0.544494	625.226129	3592.786139	1148.269585	77612.458248	22277.747073
360	nogo	10	go_nogo	0	0	42	0.678288	622.947757	5286.862375	918.412286	176066.114984	24634.538972
361	go	10	go_nogo	0	0	29	0.460411	584.389693	3684.923715	1269.279131	224295.217562	25168.681351
362	go	10	go_nogo	0	0	38	0.611595	573.839299	3550.943475	938.267438	219731.162256	25906.672134
363	go	10	go_nogo	0	0	45	0.727772	1247.085979	12621.767810	1713.567093	462248.742058	54050.096433
364	go	10	go_nogo	0	0	39	0.626428	623.535591	3916.316160	995.382218	113627.650574	20249.297906
365	go	10	go_nogo	0	0	45	0.727016	568.011761	5829.121332	781.291967	351211.126477	21533.037911
367	go	10	go_nogo	0	0	36	0.576755	584.468314	2791.148405	1013.373992	97717.791750	22896.999102
368	go	10	go_nogo	0	0	37	0.595084	594.141234	4404.537648	998.416414	162046.677344	23197.764322
369	nogo	10	go_nogo	0	0	33	0.525940	469.074703	2634.334486	891.878737	70864.589414	17055.272031
370	go	10	go_nogo	0	0	33	0.527274	647.507296	5866.151572	1228.028348	152281.024584	23274.592327
371	go	10	go_nogo	0	0	38	0.611669	583.514902	2805.374511	953.971990	128309.598391	23617.861440
372	go	10	go_nogo	0	0	45	0.728058	605.815206	2784.082375	832.097680	86180.473150	13223.028025
373	go	10	go_nogo	0	0	42	0.675561	571.438481	2080.428795	845.873139	69808.383421	14430.700837
374	go	10	go_nogo	0	0	44	0.709361	588.301511	2832.441251	829.339966	76545.638545	11339.563886
375	go	10	go_nogo	0	0	39	0.625979	562.254506	2523.084435	898.200556	78014.734787	18408.081623
376	go	10	go_nogo	0	0	53	0.861844	671.105291	2638.734955	778.685705	135359.013619	13978.074374
378	go	10	go_nogo	0	0	48	0.776267	661.643172	3095.478631	852.339687	101084.340274	15465.280768
379	nogo	10	go_nogo	0	0	35	0.561451	632.323294	6577.129282	1126.229994	176136.132133	25504.143391
380	go	10	go_nogo	0	0	40	0.644024	566.573866	3223.451451	879.740981	117953.965525	22172.180111
381	nogo	10	go_nogo	0	0	39	0.626686	418.861380	2267.141152	668.375412	55021.808415	13150.823605
382	go	10	go_nogo	0	0	42	0.675227	595.887720	3220.290946	882.499449	89748.282615	15223.784055
383	go	10	go_nogo	0	0	38	0.609476	637.056742	3097.802407	1045.253032	89822.903426	17870.998497
384	go	10	go_nogo	0	0	45	0.725052	607.178083	1970.302871	837.426832	57792.896821	13141.221460
385	go	10	go_nogo	0	0	40	0.646588	594.047897	3522.562414	918.742107	212025.016492	19251.917382
386	go	10	go_nogo	0	0	45	0.725162	646.158446	2494.248357	891.054415	76337.440650	14310.771697
387	nogo	10	go_nogo	0	0	40	0.644902	464.176882	2516.976116	719.763663	56970.571318	13046.352191
388	go	10	go_nogo	0	0	45	0.727846	562.182442	2604.060616	772.392126	67026.805507	12156.031903
389	go	10	go_nogo	0	0	48	0.777921	552.973683	3741.027629	710.835543	94575.089835	15864.134323
390	go	10	go_nogo	0	0	38	0.610926	585.050549	3088.560312	957.645680	79501.156235	14922.264253
391	go	11	go_nogo	0	0	40	0.644179	624.622067	2299.638392	969.640530	125993.691114	14092.420085
392	nogo	11	go_nogo	0	0	33	0.528179	496.364139	5964.598002	939.764467	144914.029418	26262.307521
393	go	11	go_nogo	0	0	29	0.460913	578.450487	5439.730117	1255.011498	329191.813583	29316.227786
394	nogo	11	go_nogo	0	0	39	0.626295	421.270991	2370.003791	672.640306	75968.699074	9714.004217
395	go	11	go_nogo	0	0	36	0.577560	614.597078	1960.060035	1064.127728	92638.194943	14649.128792
396	go	11	go_nogo	0	0	32	0.510253	574.650233	2338.565944	1126.206697	89591.579804	14594.417406
397	nogo	11	go_nogo	0	0	38	0.608881	587.040581	4394.076034	964.130393	199084.799745	21839.733427
398	go	11	go_nogo	0	0	32	0.509263	515.711397	3334.383867	1012.663208	104425.662970	19311.293950
399	go	11	go_nogo	0	0	40	0.641807	506.460950	6324.886173	789.117457	370902.332187	28676.618425
400	go	11	go_nogo	0	0	51	0.826514	651.879971	2788.475930	788.710234	83276.100932	15441.733222
401	go	11	go_nogo	0	0	34	0.545245	703.160318	4845.479787	1289.623626	300983.911072	30462.759734
402	nogo	11	go_nogo	0	0	33	0.526627	523.451675	3321.986791	993.971015	134242.766177	15566.729926
403	go	11	go_nogo	0	0	42	0.677417	614.304966	2400.553779	906.834158	147566.561468	13514.645500
404	go	11	go_nogo	0	0	32	0.510054	606.230752	3781.373658	1188.562368	112723.780444	20480.290815
405	go	11	go_nogo	0	0	37	0.595543	648.261060	2846.727202	1088.521545	133488.561995	17594.162056
406	go	11	go_nogo	0	0	33	0.526947	729.665072	6082.572829	1384.704014	149284.743863	25930.164365
407	go	11	go_nogo	0	0	38	0.610138	557.397237	3323.533162	913.558989	212420.628464	17387.529688
408	go	11	go_nogo	0	0	41	0.659129	628.145277	2332.340330	952.993219	51200.794289	13216.071036
409	go	11	go_nogo	0	0	29	0.461132	605.295502	3857.983841	1312.630715	235043.703958	23391.586714
410	nogo	11	go_nogo	0	0	40	0.643602	504.920422	2605.427703	784.523132	85664.304581	14896.460637
411	go	11	go_nogo	0	0	38	0.609300	620.362436	3794.213876	1018.156478	93906.433033	22005.246367
412	go	11	go_nogo	0	0	35	0.559571	524.173201	4037.479119	936.741351	184162.984368	24789.838470
413	go	11	go_nogo	0	0	28	0.444410	634.772240	6747.476765	1428.348237	214806.347814	34245.630971
414	go	11	go_nogo	0	0	50	0.809431	664.419217	2489.377579	820.847562	85773.328941	15938.629397
415	go	11	go_nogo	0	0	51	0.827268	575.408669	2680.971159	695.553168	90408.744806	17304.372354
416	nogo	11	go_nogo	0	0	36	0.578227	517.530202	2548.562175	895.028999	150914.974935	17124.308378
417	go	11	go_nogo	0	0	41	0.660950	613.369691	2106.933718	928.012943	73428.911580	15525.260623
418	go	11	go_nogo	0	0	38	0.611848	621.227368	2707.547717	1015.329240	106126.409164	21564.281476
419	go	11	go_nogo	0	0	38	0.610656	578.406277	4842.719844	947.187776	143945.728318	24076.675956
420	nogo	11	go_nogo	0	0	40	0.643059	474.635060	2821.033350	738.089674	96674.295219	12350.121756
421	go	11	go_nogo	0	0	36	0.577073	507.552114	6133.885458	879.529047	182966.473076	21059.820242
422	nogo	11	go_nogo	0	0	33	0.527529	777.780765	8547.410491	1474.384569	345679.147925	43726.554938
423	go	11	go_nogo	0	0	38	0.611722	644.116236	2391.399135	1052.956674	89954.230922	18843.940732
424	go	11	go_nogo	0	0	36	0.578063	574.628657	2776.757232	994.059394	129623.204688	22082.041490
425	go	11	go_nogo	0	0	45	0.727146	675.435936	3501.547447	928.886653	152945.492141	20549.587495
426	go	11	go_nogo	0	0	35	0.560784	630.680522	3238.017579	1124.640520	91130.490269	17760.497218
427	go	11	go_nogo	0	0	44	0.711499	639.807904	2462.102827	899.239484	69634.771577	14340.349475
428	go	11	go_nogo	0	0	45	0.728760	602.588885	2936.150190	826.869225	112234.987024	16100.925450
429	go	11	go_nogo	0	0	44	0.712094	602.890370	2064.752150	846.644600	75480.399901	13027.464581
430	go	11	go_nogo	0	0	39	0.629591	592.081517	4101.085939	940.422012	198092.738248	25366.030025
431	go	11	go_nogo	0	0	38	0.610115	589.298738	2070.744047	965.881570	92345.388123	14082.693182
432	go	11	go_nogo	0	0	43	0.695642	570.160378	2410.110676	819.618119	81181.137435	13935.262045
433	go	11	go_nogo	0	0	40	0.643046	593.877298	2343.180527	923.537672	57724.245672	16690.848376
434	nogo	11	go_nogo	0	0	32	0.509776	571.413438	3146.433392	1120.911707	117052.000982	21551.495918
435	go	11	go_nogo	0	0	36	0.576854	563.905395	2043.796977	977.553403	115235.676451	14476.457606
436	go	11	go_nogo	0	0	35	0.560216	605.781652	3106.221994	1081.334898	63411.506935	13910.745242
437	go	11	go_nogo	0	0	42	0.678137	585.766879	2239.912160	863.788788	138122.975151	14325.033818
438	nogo	11	go_nogo	0	0	37	0.594660	549.667317	2678.503750	924.338965	87143.571646	14375.254482
439	go	11	go_nogo	0	0	39	0.628390	572.115251	2560.861483	910.446577	162684.244008	19051.669507
440	go	11	go_nogo	0	0	37	0.594636	551.611022	3391.441783	927.644225	119313.893845	19227.390659
441	go	11	go_nogo	0	0	44	0.710737	611.657341	3300.801678	860.596253	83880.545031	12817.955805
442	nogo	11	go_nogo	0	0	42	0.677143	467.828529	2619.145714	690.885970	81437.156925	14051.204494
443	go	11	go_nogo	0	0	35	0.560676	624.513449	3484.645011	1113.858201	91446.982418	25342.132595
444	go	11	go_nogo	0	0	36	0.576180	631.949588	4594.299024	1096.792526	153693.846150	23686.133545
445	nogo	11	go_nogo	0	0	33	0.525543	428.403276	3296.187692	815.163129	81362.633338	17321.745177
446	go	11	go_nogo	0	0	36	0.576110	552.132755	3560.750943	958.380288	215361.921125	19126.462586
447	go	11	go_nogo	0	0	48	0.778312	621.805761	2442.855544	798.915809	74368.480255	15514.045405
448	go	11	go_nogo	0	0	43	0.693481	577.992406	2233.945264	833.465621	141892.750086	12074.533454
449	go	11	go_nogo	0	0	43	0.691496	578.261217	2768.499332	836.246655	58164.626631	13117.375137
450	go	11	go_nogo	0	0	43	0.695739	586.806094	3076.464418	843.428853	75155.081094	12994.876655
451	go	12	go_only	0	0	44	0.710962	656.737891	3563.117933	923.731874	88181.876300	16089.612832
452	go	12	go_only	0	0	27	0.427819	601.636492	3899.842024	1406.287453	113446.749310	26808.549780
453	go	12	go_only	0	0	36	0.578530	620.602996	3560.745455	1072.724522	98320.610792	22220.406489
454	go	12	go_only	0	0	39	0.629194	593.536995	3894.269829	943.329377	93234.068394	17007.277666
455	go	12	go_only	0	0	30	0.477424	593.775924	4580.738210	1243.709042	130677.386523	27096.427303
456	go	12	go_only	0	0	41	0.662170	627.300810	3059.077601	947.341174	125024.828723	19850.461091
457	go	12	go_only	0	0	38	0.610149	546.695189	4573.819387	896.002761	269961.303344	18625.726865
458	go	12	go_only	0	0	28	0.444722	614.567343	4906.873152	1381.914138	170088.528770	24362.200154
459	go	12	go_only	0	0	36	0.578077	618.362038	3724.500316	1069.687828	88921.717342	18517.405406
461	go	12	go_only	0	0	44	0.711235	821.042652	4350.964979	1154.390925	122538.200847	26717.809440
462	go	12	go_only	0	0	37	0.594920	590.704486	4543.473007	992.914150	155064.590224	24946.501405
463	go	12	go_only	0	0	27	0.427166	558.541551	5974.721205	1307.551515	218633.968599	37390.416673
464	go	12	go_only	0	0	26	0.411027	586.498539	4574.433696	1426.910699	126893.827579	29135.578611
465	go	12	go_only	0	0	37	0.593837	579.839485	3259.988049	976.429186	126418.335282	17380.150261
466	go	12	go_only	0	0	34	0.542542	560.436169	2199.550153	1032.981709	88570.518702	20688.025812
467	go	12	go_only	0	0	39	0.627934	601.850467	3367.243295	958.461804	176563.049722	17490.859414
468	go	12	go_only	0	0	35	0.560436	579.928386	8400.182092	1034.781122	335604.948842	37950.190597
469	nogo	13	go_nogo	0	0	38	0.609900	569.154024	3592.613081	933.192826	84485.672521	15744.361169
470	go	13	go_nogo	0	0	37	0.593403	588.221826	3124.232110	991.269211	140102.349244	21265.958931
471	go	13	go_nogo	0	0	36	0.578124	615.495721	3179.033154	1064.642537	107167.041909	20197.666558
472	nogo	13	go_nogo	0	0	38	0.610332	578.965022	2469.615770	948.606075	130888.563124	14647.723708
473	go	13	go_nogo	0	0	28	0.444818	671.793645	5791.929770	1510.267001	235368.386897	31323.034791
474	nogo	13	go_nogo	0	0	33	0.526616	436.547359	2205.520316	828.966510	81146.239301	13186.192082
475	go	13	go_nogo	0	0	38	0.611627	603.187700	3033.360940	986.202207	128167.355969	14892.209235
476	go	13	go_nogo	0	0	40	0.644249	598.818283	2257.500967	929.483250	61421.695642	13408.745299
477	nogo	13	go_nogo	0	0	33	0.527048	521.184124	2409.790978	988.874114	51726.885233	11187.407487
478	go	13	go_nogo	0	0	41	0.659719	591.510375	2630.600656	896.609851	79170.358823	14946.330577
479	go	13	go_nogo	0	0	38	0.611173	593.211781	2273.315660	970.612207	57708.597961	11774.235503
480	go	13	go_nogo	0	0	39	0.627032	591.412115	2594.032824	943.192274	75509.788985	15488.943320
481	go	13	go_nogo	0	0	38	0.610570	723.312656	4763.241080	1184.650707	227651.340582	21628.841778
482	go	13	go_nogo	0	0	37	0.594205	601.761078	3623.294858	1012.716793	123605.781378	20240.811267
483	go	13	go_nogo	0	0	36	0.576404	608.711402	2631.744727	1056.050110	134668.617047	15918.847141
484	go	13	go_nogo	0	0	47	0.760222	607.609313	3014.111187	799.252683	183460.467872	13461.149673
485	go	13	go_nogo	0	0	36	0.578870	578.547553	2913.771449	999.443489	114331.722793	14279.131904
486	go	13	go_nogo	0	0	36	0.575687	616.588469	3255.935658	1071.048846	97033.217404	14419.282495
487	nogo	13	go_nogo	0	0	34	0.542970	516.039918	2546.484174	950.402965	57448.241397	10644.777391
488	go	13	go_nogo	0	0	38	0.611370	582.582479	3167.536960	952.913251	71426.516448	14498.518000
489	go	13	go_nogo	0	0	45	0.725288	597.065024	2259.469813	823.210950	66059.273547	12074.422223
490	go	13	go_nogo	0	0	39	0.627707	599.235383	3102.743162	954.642172	99224.639072	17435.334663
491	nogo	13	go_nogo	0	0	40	0.641876	475.047684	1900.281461	740.093071	54823.013081	9112.366167
493	nogo	13	go_nogo	0	0	35	0.559912	504.298504	2940.232511	900.675059	75094.555894	15103.823446
494	go	13	go_nogo	0	0	35	0.561357	582.823877	3607.778433	1038.241227	146018.092475	21514.411798
495	go	13	go_nogo	0	0	46	0.743903	602.115337	2515.536351	809.399900	66782.899903	11769.281219
496	go	13	go_nogo	0	0	42	0.676504	652.032032	2229.907932	963.826261	75050.399785	14439.921559
497	nogo	13	go_nogo	0	0	37	0.594319	488.058845	2490.929557	821.206454	55313.732256	13469.636067
498	go	13	go_nogo	0	0	40	0.645002	562.233448	2105.605666	871.677331	79134.951296	19008.931443
499	go	13	go_nogo	0	0	41	0.661725	573.713479	2444.310488	866.996832	146730.527623	13979.049105
500	nogo	13	go_nogo	0	0	33	0.526905	426.529571	2425.012833	809.499950	66703.429765	15358.363489
501	go	13	go_nogo	0	0	43	0.694660	600.013761	2484.765732	863.752204	79875.170890	17169.802365
502	go	13	go_nogo	0	0	46	0.745316	635.254250	2824.377708	852.328744	63938.494158	13659.851709
503	go	13	go_nogo	0	0	37	0.593336	605.114225	2859.445908	1019.851539	83264.263852	17168.949500
504	go	13	go_nogo	0	0	34	0.543157	613.343665	2374.421708	1129.220680	72409.636567	14773.417716
505	go	13	go_nogo	0	0	39	0.626562	616.061836	2409.904509	983.241935	54665.018994	14209.240709
506	go	13	go_nogo	0	0	39	0.627045	618.867392	2505.440823	986.958184	66281.193662	15339.809392
507	nogo	13	go_nogo	0	0	35	0.561094	498.242816	2451.817642	887.984099	88104.434830	13631.129044
508	go	13	go_nogo	0	0	48	0.776611	619.227751	2317.818799	797.346201	88682.773460	14978.470306
509	go	13	go_nogo	0	0	35	0.561499	575.466019	3483.238513	1024.874886	117663.747366	20613.537934
510	go	13	go_nogo	0	0	46	0.744877	577.283376	1862.864242	775.005281	43481.576088	10006.025455
511	go	13	go_nogo	0	0	48	0.777383	585.962587	2380.835942	753.763154	62298.479191	11508.388416
512	go	13	go_nogo	0	0	35	0.562209	636.133194	3988.937464	1131.489618	174718.347198	25559.208557
513	go	13	go_nogo	0	0	36	0.577418	657.551716	4511.077877	1138.779979	273800.233576	24373.155178
514	go	13	go_nogo	0	0	38	0.611135	645.829660	3762.131312	1056.771552	105872.929094	18062.796465
515	go	13	go_nogo	0	0	39	0.626077	563.038661	2083.775672	899.312307	81680.002148	17189.946632
516	go	13	go_nogo	0	0	32	0.509604	591.419820	3670.526822	1160.548292	86315.710117	17461.691205
517	go	13	go_nogo	0	0	35	0.559666	653.990245	3218.776648	1168.536881	69205.901799	17646.911894
518	go	13	go_nogo	0	0	29	0.460272	625.458862	2974.670734	1358.890252	75361.763874	19108.947680
519	go	13	go_nogo	0	0	31	0.494838	528.442805	3552.957169	1067.910935	133289.588646	22152.574749
520	go	13	go_nogo	0	0	37	0.595730	607.755066	2344.454790	1020.186115	102228.593798	23606.751654
521	go	13	go_nogo	0	0	40	0.644881	625.309031	2818.071519	969.650263	81626.283838	17541.643085
522	nogo	13	go_nogo	0	0	32	0.511806	399.361517	3280.656354	780.298319	94847.690531	14451.224089
523	go	13	go_nogo	0	0	29	0.460846	557.956992	4092.196888	1210.722517	117960.372404	19738.219486
524	go	13	go_nogo	0	0	42	0.678015	643.749980	4493.268514	949.462460	167376.875319	24409.535421
525	go	13	go_nogo	0	0	33	0.528128	622.988645	3489.477716	1179.617217	76752.777728	18120.034591
526	go	13	go_nogo	0	0	44	0.710812	558.689041	2086.624024	785.987291	126269.214664	14188.176134
527	go	13	go_nogo	0	0	41	0.663543	611.690260	2247.857311	921.855019	75066.884579	14306.989656
528	nogo	13	go_nogo	0	0	42	0.678285	453.881305	2366.807343	669.160070	141241.218253	15585.195373
529	go	14	go_nogo	0	0	28	0.442849	622.399925	4570.665376	1405.444076	261333.106781	26562.366767
530	go	14	go_nogo	0	0	34	0.543325	697.260204	4045.602341	1283.321381	92802.044811	18857.352212
531	go	14	go_nogo	0	0	33	0.527788	769.368156	6697.253898	1457.723061	404411.333523	29541.406951
532	go	14	go_nogo	0	0	26	0.413437	564.532776	5097.466529	1365.463298	200937.718439	27687.058368
533	go	14	go_nogo	0	0	29	0.461163	631.918070	4185.981238	1370.271722	135484.324406	23664.626498
534	go	14	go_nogo	0	0	38	0.611034	630.433529	3314.730329	1031.747846	134984.251579	21884.098841
535	go	14	go_nogo	0	0	29	0.460543	509.852161	5739.403148	1107.067682	334721.532077	37738.550013
536	go	14	go_nogo	0	0	40	0.645126	611.507561	2867.040974	947.888862	92409.203834	17251.962406
537	go	14	go_nogo	0	0	37	0.594985	614.959727	4396.437146	1033.571816	189303.585265	27390.677827
538	nogo	14	go_nogo	0	0	40	0.644104	508.519273	2698.837722	789.498948	96380.971047	11513.169313
539	go	14	go_nogo	0	0	35	0.561181	573.843908	2706.890737	1022.565113	119134.056640	19696.306706
540	nogo	14	go_nogo	0	0	34	0.544329	408.080086	1948.029409	749.693266	98718.350571	12790.398439
541	go	14	go_nogo	0	0	44	0.711073	628.869377	2858.690868	884.394586	131658.816281	15839.179368
542	go	14	go_nogo	0	0	39	0.628248	562.144651	2193.581663	894.781585	69809.293259	16540.796300
543	go	14	go_nogo	0	0	33	0.528651	578.328848	5246.384059	1093.971386	169222.747784	32278.633014
544	nogo	14	go_nogo	0	0	41	0.660658	491.841822	1971.138521	744.472215	53595.437997	12034.110943
545	go	14	go_nogo	0	0	39	0.626045	542.496024	2291.126070	866.544914	76050.255159	15176.610429
546	go	14	go_nogo	0	0	56	0.913200	591.126135	3097.673765	647.312752	102568.419835	9611.858120
547	go	14	go_nogo	0	0	35	0.561514	569.887588	2487.742846	1014.912698	49450.492992	16341.673117
548	nogo	14	go_nogo	0	0	43	0.692731	484.732955	3346.062972	699.741567	122433.170521	15350.145274
549	go	14	go_nogo	0	0	78	1.278634	602.441605	2222.588477	471.160357	136693.079775	10788.100002
550	go	14	go_nogo	0	0	36	0.576396	562.302651	2924.952041	975.549190	90768.465965	16230.576938
551	go	14	go_nogo	0	0	33	0.527767	603.151779	3858.828911	1142.837234	214042.915697	22191.071501
552	go	14	go_nogo	0	0	51	0.827779	576.788053	3265.419682	696.790076	90587.875544	12676.309042
553	go	14	go_nogo	0	0	37	0.592399	632.870640	2942.220772	1068.317670	89778.548962	17542.363899
555	go	14	go_nogo	0	0	34	0.545067	644.359170	3834.300688	1182.165073	151837.950538	19503.537041
556	go	14	go_nogo	0	0	35	0.561079	580.710471	4373.521742	1034.988782	135046.791354	23824.285409
557	go	14	go_nogo	0	0	38	0.609257	666.925044	3324.792114	1094.653786	104959.768929	16472.993125
558	nogo	14	go_nogo	0	0	38	0.608880	521.976367	4049.344104	857.273536	125234.704496	22198.354561
559	go	14	go_nogo	0	0	39	0.627348	644.970105	3909.968544	1028.090496	129781.270414	17479.453982
560	go	14	go_nogo	0	0	34	0.544188	625.647727	3368.570043	1149.690625	92357.937540	19392.793531
561	go	14	go_nogo	0	0	31	0.493375	578.124221	4814.377402	1171.774929	293677.786638	25474.583714
562	go	14	go_nogo	0	0	36	0.577946	652.551267	3736.450935	1129.087893	107473.856057	19803.897392
563	go	14	go_nogo	0	0	38	0.607924	604.180185	2934.705481	993.841149	73146.132716	14060.342162
564	go	14	go_nogo	0	0	43	0.695452	589.748367	2887.727455	848.007902	116792.107947	20772.897372
565	go	14	go_nogo	0	0	40	0.643555	599.307674	2617.048744	931.246043	70424.229316	16969.503858
566	go	14	go_nogo	0	0	38	0.611042	611.465363	3769.080840	1000.693509	69638.516987	16706.213446
567	nogo	14	go_nogo	0	0	44	0.711451	546.086263	2355.397491	767.566503	132874.433910	11386.242007
568	go	14	go_nogo	0	0	40	0.644672	617.524942	2426.248909	957.890123	44668.454354	14864.889274
569	go	14	go_nogo	0	0	42	0.676462	590.778874	1736.211966	873.336508	100355.710086	12902.721985
570	go	14	go_nogo	0	0	33	0.527398	656.335001	2732.325491	1244.477607	101541.746474	26023.316813
571	go	14	go_nogo	0	0	33	0.526506	621.478103	7177.551464	1180.382254	244979.422359	35622.166754
573	nogo	14	go_nogo	0	0	38	0.611021	511.874771	2417.201673	837.736926	110937.695331	13637.263801
574	go	14	go_nogo	0	0	32	0.512504	620.305845	4022.339703	1210.344367	243994.062836	23357.481938
575	go	14	go_nogo	0	0	35	0.559799	582.303637	3405.791768	1040.201281	83457.880402	15630.045119
576	go	14	go_nogo	0	0	36	0.577171	800.370124	6515.118201	1386.712298	312178.946550	31576.780886
577	go	14	go_nogo	0	0	38	0.610737	622.367292	4717.159722	1019.043044	288229.237813	26224.364115
578	nogo	14	go_nogo	0	0	39	0.627886	563.806905	3259.467311	897.943984	120134.618235	14809.641694
579	go	14	go_nogo	0	0	38	0.611516	676.814097	5468.121324	1106.781589	258386.598325	24580.751416
580	nogo	14	go_nogo	0	0	35	0.559625	629.996832	4695.171042	1125.747186	162186.137091	22966.160001
581	go	14	go_nogo	0	0	40	0.645500	645.992362	5433.920606	1000.763071	310381.170983	27574.677620
582	nogo	14	go_nogo	0	0	37	0.593310	521.867777	2283.562753	879.586728	45444.539211	12865.375764
583	go	14	go_nogo	0	0	32	0.510119	563.836647	3318.739812	1105.304365	85499.353483	19368.762470
584	go	14	go_nogo	0	0	34	0.543510	649.900468	3863.454932	1195.747690	117318.032028	24705.614350
585	nogo	14	go_nogo	0	0	36	0.578816	523.179191	4681.396248	903.878714	283187.219178	24301.402318
586	go	14	go_nogo	0	0	33	0.526886	621.045214	4519.085607	1178.709788	171697.529442	20404.384083
587	go	14	go_nogo	0	0	37	0.596303	627.904054	3046.019291	1052.995314	112855.092648	19514.465100
588	nogo	14	go_nogo	0	0	38	0.610709	523.405385	2357.114656	857.045475	104114.127895	19072.756871
589	go	15	go_only	0	0	27	0.427577	532.177043	5743.540912	1244.632945	181285.098866	30582.509274
590	go	15	go_only	0	0	28	0.444237	521.361265	7959.249543	1173.610630	268820.480051	38692.631991
591	go	15	go_only	0	0	32	0.510533	818.567286	6910.712076	1603.359484	210173.618994	35830.781310
592	go	15	go_only	0	0	27	0.428636	548.769419	5372.204164	1280.269980	328257.963838	34360.967913
593	go	15	go_only	0	0	33	0.527466	638.607655	4081.172862	1210.709579	79144.582057	20131.061973
594	go	15	go_only	0	0	30	0.476805	601.065494	6654.187588	1260.610720	174074.862248	33154.076778
595	go	15	go_only	0	0	35	0.560474	586.958405	3116.381606	1047.252836	94065.908033	17353.193238
596	go	15	go_only	0	0	35	0.561284	577.220998	3687.973647	1028.394188	90577.993582	17595.214329
597	go	15	go_only	0	0	32	0.510167	554.788000	2943.289027	1087.464156	179352.920691	25276.034783
598	go	15	go_only	0	0	35	0.560904	550.501404	2270.987741	981.454748	74108.137314	17366.567864
599	go	15	go_only	0	0	32	0.510175	591.703418	3897.180826	1159.805718	223272.300493	21925.532355
600	go	15	go_only	0	0	34	0.541969	647.034806	4872.375899	1193.860319	132443.203666	23429.516457
601	go	15	go_only	0	0	36	0.577894	830.235160	4817.813166	1436.656978	124161.187687	20056.913105
602	go	15	go_only	0	0	33	0.526093	543.623840	4352.734521	1033.323684	143314.523709	26162.068802
603	go	15	go_only	0	0	37	0.593095	583.219804	3291.165782	983.350387	108914.345902	23742.539330
604	go	15	go_only	0	0	27	0.426872	572.063075	3783.976480	1340.128523	122324.024567	29413.255118
605	go	15	go_only	0	0	32	0.510621	559.154150	3288.648842	1095.047305	143543.501025	20376.164421
606	go	15	go_only	0	0	35	0.561956	732.986118	6026.616222	1304.348114	132606.023294	27988.256346
