trial_index	trial_type	block_number	accuracy_binary
55	go	4	1
56	go	4	1
57	go	4	1
58	nogo	4	1
59	go	4	0
60	nogo	4	1
61	go	4	1
62	nogo	4	1
63	go	4	1
64	go	4	1
65	nogo	4	1
66	go	4	1
67	go	4	1
68	go	4	1
69	go	4	1
70	go	4	1
71	go	4	1
72	go	4	1
73	go	4	1
74	go	4	1
75	go	4	1
76	go	4	1
77	go	4	1
78	nogo	4	1
79	go	4	1
80	nogo	4	1
81	go	4	1
82	go	4	0
83	nogo	4	1
84	go	4	1
85	go	4	1
86	go	4	1
87	go	4	1
88	go	4	1
89	nogo	4	1
90	go	4	1
91	nogo	4	1
92	go	4	1
93	go	4	1
94	go	4	1
95	nogo	4	1
96	go	4	1
97	go	4	1
98	go	4	1
99	go	4	1
100	go	4	1
101	go	4	1
102	go	4	1
103	go	4	1
104	go	4	1
105	go	4	1
106	go	4	1
107	nogo	4	1
108	go	4	1
109	go	4	1
110	go	4	1
111	nogo	4	1
112	go	4	1
113	go	4	1
114	go	4	1
115	nogo	5	1
116	go	5	1
117	go	5	1
118	nogo	5	1
119	go	5	1
120	go	5	1
121	go	5	1
122	go	5	1
123	go	5	1
124	go	5	1
125	go	5	1
126	go	5	1
127	go	5	1
128	go	5	1
129	go	5	1
130	nogo	5	1
131	go	5	1
132	go	5	0
133	go	5	1
134	nogo	5	1
135	go	5	1
136	go	5	1
137	go	5	1
138	nogo	5	1
139	go	5	1
140	go	5	0
141	nogo	5	1
142	go	5	1
143	go	5	1
144	go	5	1
145	go	5	1
146	go	5	1
147	go	5	1
148	go	5	1
149	go	5	1
150	nogo	5	1
151	go	5	1
152	go	5	1
153	go	5	1
154	nogo	5	1
155	go	5	1
156	go	5	1
157	go	5	1
158	go	5	1
159	go	5	1
160	nogo	5	1
161	go	5	1
162	go	5	1
163	go	5	1
164	go	5	1
165	go	5	1
166	nogo	5	1
167	go	5	1
168	go	5	1
169	nogo	5	1
170	go	5	1
171	go	5	1
172	go	5	1
173	nogo	5	1
174	go	5	1
193	go	7	1
194	go	7	1
195	nogo	7	1
196	go	7	1
197	go	7	1
198	go	7	1
199	go	7	1
200	nogo	7	1
201	go	7	1
202	go	7	1
203	go	7	1
204	go	7	1
205	go	7	1
206	go	7	1
207	go	7	1
208	go	7	1
209	nogo	7	1
210	go	7	1
211	go	7	1
212	go	7	1
213	go	7	1
214	go	7	1
215	go	7	1
216	go	7	1
217	nogo	7	1
218	go	7	1
219	go	7	1
220	go	7	1
221	go	7	1
222	go	7	1
223	nogo	7	1
224	go	7	1
225	nogo	7	1
226	go	7	1
227	go	7	1
228	go	7	1
229	nogo	7	1
230	go	7	1
231	go	7	1
232	go	7	1
233	go	7	1
234	go	7	1
235	nogo	7	1
236	go	7	1
237	go	7	1
238	nogo	7	1
239	go	7	1
240	go	7	1
241	nogo	7	1
242	go	7	1
243	go	7	1
244	go	7	1
245	nogo	7	1
246	go	7	1
247	go	7	1
248	go	7	1
249	go	7	1
250	nogo	7	1
251	go	7	1
252	go	7	1
253	nogo	8	1
254	go	8	1
255	go	8	1
256	go	8	1
257	go	8	1
258	go	8	1
259	nogo	8	1
260	go	8	1
261	go	8	1
262	go	8	1
263	go	8	1
264	go	8	1
265	go	8	1
266	nogo	8	1
267	go	8	1
268	nogo	8	0
269	go	8	1
270	nogo	8	1
271	go	8	1
272	go	8	1
273	nogo	8	1
274	go	8	1
275	go	8	1
276	nogo	8	1
277	go	8	1
278	go	8	1
279	go	8	1
280	go	8	1
281	go	8	1
282	go	8	1
283	go	8	1
284	go	8	1
285	go	8	1
286	go	8	1
287	go	8	1
288	nogo	8	1
289	go	8	1
290	go	8	1
291	go	8	1
292	go	8	1
293	go	8	1
294	go	8	1
295	go	8	1
296	go	8	1
297	nogo	8	1
298	go	8	1
299	go	8	1
300	go	8	1
301	nogo	8	1
302	go	8	1
303	go	8	1
304	go	8	1
305	go	8	1
306	go	8	1
307	nogo	8	1
308	go	8	1
309	go	8	1
310	go	8	1
311	go	8	1
312	nogo	8	1
331	go	10	1
332	go	10	1
333	nogo	10	1
334	go	10	1
335	go	10	1
336	go	10	1
337	nogo	10	1
338	go	10	1
339	go	10	1
340	nogo	10	1
341	go	10	1
342	go	10	1
343	go	10	1
344	go	10	1
345	nogo	10	1
346	go	10	1
347	go	10	1
348	go	10	1
349	nogo	10	1
350	go	10	1
351	go	10	1
352	nogo	10	1
353	go	10	1
354	go	10	1
355	go	10	0
356	go	10	1
357	go	10	1
358	go	10	0
359	go	10	1
360	go	10	1
361	go	10	1
362	nogo	10	0
363	go	10	1
364	go	10	1
365	go	10	1
366	nogo	10	1
367	go	10	1
368	go	10	1
369	go	10	1
370	go	10	1
371	nogo	10	1
372	go	10	1
373	go	10	1
374	go	10	1
375	go	10	1
376	go	10	1
377	nogo	10	1
378	go	10	1
379	go	10	1
380	nogo	10	1
381	go	10	1
382	go	10	1
383	go	10	1
384	go	10	1
385	go	10	1
386	nogo	10	1
387	go	10	1
388	go	10	1
389	go	10	1
390	go	10	1
391	go	11	1
392	go	11	1
393	go	11	1
394	go	11	1
395	go	11	1
396	go	11	1
397	go	11	1
398	nogo	11	1
399	go	11	1
400	nogo	11	1
401	go	11	1
402	go	11	1
403	go	11	1
404	nogo	11	0
405	go	11	1
406	go	11	1
407	nogo	11	1
408	go	11	1
409	go	11	1
410	nogo	11	1
411	go	11	1
412	go	11	1
413	go	11	1
414	go	11	1
415	go	11	1
416	go	11	1
417	go	11	1
418	go	11	1
419	go	11	1
420	nogo	11	1
421	go	11	1
422	nogo	11	1
423	go	11	1
424	go	11	1
425	nogo	11	1
426	go	11	1
427	go	11	1
428	go	11	1
429	go	11	1
430	go	11	1
431	go	11	1
432	go	11	1
433	go	11	1
434	nogo	11	1
435	go	11	1
436	go	11	1
437	go	11	1
438	go	11	1
439	go	11	1
440	go	11	1
441	go	11	1
442	nogo	11	1
443	go	11	1
444	nogo	11	1
445	go	11	1
446	go	11	1
447	go	11	1
448	go	11	1
449	nogo	11	0
450	go	11	1
469	go	13	1
470	go	13	1
471	go	13	1
472	go	13	1
473	nogo	13	1
474	go	13	1
475	go	13	1
476	nogo	13	1
477	go	13	1
478	go	13	1
479	nogo	13	1
480	go	13	1
481	go	13	1
482	go	13	1
483	nogo	13	0
484	go	13	1
485	go	13	1
486	go	13	1
487	go	13	1
488	go	13	1
489	go	13	1
490	go	13	1
491	go	13	1
492	nogo	13	1
493	go	13	1
494	nogo	13	1
495	go	13	0
496	nogo	13	1
497	go	13	1
498	go	13	1
499	go	13	1
500	go	13	1
501	go	13	1
502	go	13	1
503	nogo	13	1
504	go	13	1
505	go	13	1
506	go	13	1
507	go	13	1
508	go	13	1
509	go	13	1
510	nogo	13	0
511	go	13	1
512	go	13	1
513	go	13	1
514	go	13	1
515	go	13	1
516	nogo	13	1
517	go	13	1
518	go	13	1
519	go	13	1
520	nogo	13	1
521	go	13	1
522	nogo	13	1
523	go	13	1
524	go	13	1
525	go	13	1
526	go	13	1
527	go	13	1
528	go	13	1
529	go	14	1
530	go	14	1
531	go	14	1
532	go	14	1
533	go	14	1
534	nogo	14	1
535	go	14	1
536	go	14	1
537	go	14	1
538	nogo	14	1
539	go	14	1
540	go	14	1
541	go	14	1
542	go	14	1
543	go	14	1
544	go	14	1
545	nogo	14	1
546	go	14	1
547	go	14	1
548	go	14	1
549	go	14	1
550	go	14	1
551	nogo	14	0
552	go	14	1
553	nogo	14	1
554	go	14	1
555	nogo	14	1
556	go	14	1
557	nogo	14	1
558	go	14	1
559	nogo	14	1
560	go	14	1
561	go	14	1
562	go	14	1
563	nogo	14	0
564	go	14	1
565	go	14	1
566	go	14	1
567	go	14	1
568	go	14	1
569	go	14	1
570	go	14	1
571	go	14	1
572	nogo	14	0
573	go	14	1
574	go	14	1
575	go	14	1
576	nogo	14	1
577	go	14	1
578	go	14	1
579	go	14	1
580	go	14	1
581	go	14	1
582	go	14	1
583	go	14	1
584	go	14	1
585	go	14	1
586	nogo	14	1
587	go	14	1
588	go	14	1
