trial_index	trial_type	block_number	path_length
55	go	4	708.920390
56	nogo	4	917.773729
57	go	4	765.740774
58	go	4	756.051547
59	go	4	593.625265
60	go	4	955.721739
61	go	4	917.547549
62	go	4	713.467834
63	go	4	866.001324
64	go	4	615.813360
65	nogo	4	599.025956
66	go	4	649.490156
67	go	4	508.869933
68	nogo	4	659.035567
69	go	4	774.956736
70	go	4	618.325111
71	go	4	721.838840
72	go	4	828.254406
73	go	4	576.838441
74	go	4	869.239797
75	go	4	1076.850756
76	nogo	4	1194.343106
77	go	4	749.714287
78	go	4	690.959557
79	go	4	730.173434
80	go	4	804.019216
81	nogo	4	548.053743
82	go	4	601.990935
83	go	4	1111.051460
84	go	4	855.604206
85	nogo	4	1048.262538
86	go	4	1015.916879
87	nogo	4	571.350966
88	go	4	951.092574
89	go	4	1086.205184
90	go	4	632.652994
91	nogo	4	609.388531
92	go	4	614.154787
93	go	4	1429.423165
94	go	4	918.096530
95	go	4	783.693357
96	go	4	930.739049
97	go	4	923.524299
98	nogo	4	674.552436
99	go	4	666.670543
100	go	4	759.966171
101	go	4	588.580036
102	go	4	667.342411
103	nogo	4	825.482142
104	go	4	624.836993
105	nogo	4	738.207004
106	go	4	766.657715
107	go	4	504.046435
108	go	4	1093.972606
109	go	4	1083.838041
110	go	4	878.674060
111	go	4	833.938501
112	nogo	4	644.683834
113	go	4	562.988870
114	go	4	1018.169529
115	go	5	1063.052853
116	go	5	1336.412757
117	go	5	1099.323069
118	nogo	5	827.775774
119	go	5	589.355043
120	go	5	614.368907
121	go	5	n/a
122	nogo	5	1100.759111
123	go	5	1104.853729
124	go	5	751.790551
125	go	5	n/a
126	nogo	5	1132.719076
127	go	5	n/a
128	go	5	690.716466
129	nogo	5	658.054797
130	go	5	530.707976
131	go	5	788.839155
132	go	5	1080.752166
133	go	5	595.304161
134	go	5	838.817123
135	go	5	574.155043
136	go	5	701.080474
137	go	5	684.611842
138	go	5	760.497966
139	go	5	925.156403
140	go	5	630.989570
141	nogo	5	969.208599
142	go	5	644.770981
143	nogo	5	617.071439
144	go	5	911.834916
145	go	5	679.790969
146	nogo	5	494.969904
147	go	5	635.694768
148	nogo	5	n/a
149	go	5	778.951956
150	go	5	800.402447
151	go	5	756.804144
152	go	5	727.823402
153	go	5	625.754113
154	go	5	909.359055
155	go	5	737.347247
156	go	5	816.811789
157	go	5	665.978745
158	go	5	938.472870
159	go	5	547.945983
160	go	5	640.788314
161	nogo	5	572.617495
162	go	5	855.264980
163	go	5	662.024790
164	go	5	554.842651
165	go	5	n/a
166	go	5	1014.991432
167	nogo	5	739.394132
168	go	5	529.103460
169	go	5	582.429766
170	go	5	967.359218
171	nogo	5	551.227483
172	go	5	899.095130
173	nogo	5	779.991696
174	go	5	563.709013
193	go	7	675.386077
194	go	7	713.329200
195	go	7	805.185663
196	go	7	542.653356
197	go	7	899.336699
198	go	7	646.703144
199	nogo	7	769.091898
200	go	7	630.808135
201	go	7	578.356335
202	go	7	597.511882
203	go	7	931.717470
204	go	7	642.915873
205	nogo	7	634.803303
206	go	7	775.640234
207	go	7	651.157916
208	nogo	7	579.078033
209	go	7	1067.772435
210	go	7	1021.191747
211	nogo	7	906.509357
212	go	7	952.654522
213	nogo	7	1088.605126
214	go	7	n/a
215	go	7	1070.648165
216	nogo	7	572.776774
217	go	7	597.463288
218	go	7	606.937464
219	go	7	557.771919
220	go	7	747.623318
221	go	7	561.658757
222	go	7	868.493154
223	go	7	n/a
224	go	7	1012.206633
225	go	7	565.019197
226	go	7	619.031267
227	go	7	698.210179
228	go	7	972.587573
229	go	7	787.857945
230	go	7	880.900539
231	go	7	528.138580
232	go	7	573.607518
233	go	7	568.111319
234	nogo	7	954.804637
235	go	7	640.220218
236	go	7	767.911216
237	go	7	563.904867
238	go	7	555.765636
239	go	7	809.846545
240	nogo	7	852.207411
241	go	7	582.770683
242	nogo	7	556.077593
243	go	7	583.383219
244	go	7	995.092437
245	go	7	1213.513233
246	nogo	7	583.636626
247	go	7	556.406169
248	go	7	685.601853
249	nogo	7	826.971927
250	go	7	1060.283184
251	go	7	796.713906
252	nogo	7	583.602135
253	go	8	620.840494
254	nogo	8	653.044780
255	go	8	770.153460
256	go	8	580.691177
257	go	8	581.546109
258	go	8	590.217360
259	go	8	706.655473
260	go	8	492.705174
261	go	8	601.400785
262	go	8	1106.502390
263	nogo	8	512.558016
264	go	8	551.780358
265	go	8	532.010170
266	nogo	8	856.592303
267	go	8	604.362053
268	go	8	618.906454
269	go	8	587.889506
270	go	8	732.429874
271	go	8	707.824263
272	go	8	791.179772
273	nogo	8	616.106723
274	go	8	562.993350
275	go	8	628.635355
276	go	8	664.142351
277	go	8	987.575632
278	nogo	8	n/a
279	go	8	669.236662
280	nogo	8	581.701482
281	go	8	606.729296
282	nogo	8	n/a
283	go	8	597.500798
284	go	8	755.203434
285	go	8	923.937043
286	go	8	861.266778
287	go	8	645.053769
288	go	8	765.921307
289	go	8	594.487757
290	nogo	8	675.002046
291	go	8	n/a
292	go	8	694.658957
293	go	8	803.701218
294	nogo	8	796.189419
295	go	8	708.443877
296	go	8	737.388284
297	go	8	526.624077
298	go	8	569.680861
299	go	8	650.323242
300	go	8	997.460964
301	go	8	623.253114
302	nogo	8	n/a
303	go	8	814.467788
304	go	8	678.639664
305	go	8	590.885331
306	nogo	8	597.471631
307	go	8	550.410897
308	go	8	870.788429
309	go	8	815.146974
310	nogo	8	667.846508
311	go	8	866.918974
312	go	8	547.686916
331	nogo	10	495.281032
332	go	10	830.245536
333	go	10	555.443642
334	go	10	658.924062
335	nogo	10	801.388376
336	go	10	676.025831
337	go	10	576.627139
338	go	10	689.725154
339	go	10	608.707894
340	nogo	10	1024.211288
341	go	10	907.783587
342	nogo	10	703.594486
343	go	10	576.274849
344	go	10	n/a
345	go	10	627.302482
346	go	10	754.726833
347	go	10	580.457762
348	go	10	621.413137
349	nogo	10	799.745642
350	go	10	966.455838
351	go	10	752.883927
352	nogo	10	670.821067
353	go	10	555.634796
354	go	10	662.257576
355	go	10	607.031106
356	go	10	658.700853
357	nogo	10	740.057589
358	go	10	748.433447
359	go	10	559.150346
360	nogo	10	515.096917
361	go	10	578.294203
362	go	10	631.233695
363	go	10	595.921429
364	go	10	644.484065
365	go	10	629.719847
366	go	10	626.478692
367	go	10	563.116419
368	go	10	749.628917
369	nogo	10	433.324069
370	go	10	748.155887
371	go	10	665.431774
372	nogo	10	622.819954
373	go	10	838.323294
374	go	10	733.694553
375	go	10	n/a
376	go	10	881.287447
377	go	10	n/a
378	go	10	768.959779
379	go	10	n/a
380	go	10	583.919124
381	go	10	715.768713
382	go	10	768.495213
383	go	10	546.396858
384	go	10	832.329300
385	nogo	10	521.987135
386	go	10	732.630831
387	go	10	624.397498
388	go	10	773.043938
389	go	10	1105.127688
390	nogo	10	530.743379
391	nogo	11	515.544568
392	go	11	548.357058
393	go	11	635.134323
394	go	11	568.847408
395	go	11	604.292512
396	nogo	11	609.409009
397	go	11	596.345133
398	go	11	693.638454
399	go	11	813.657215
400	go	11	683.188185
401	go	11	583.999378
402	nogo	11	525.808309
403	go	11	707.755745
404	go	11	667.512098
405	nogo	11	635.635317
406	go	11	1171.043516
407	nogo	11	n/a
408	go	11	n/a
409	go	11	589.332380
410	go	11	601.718720
411	go	11	622.826256
412	go	11	544.709802
413	go	11	602.063452
414	nogo	11	895.948751
415	go	11	601.614016
416	nogo	11	577.075046
417	go	11	730.683806
418	go	11	559.774151
419	nogo	11	997.586186
420	go	11	601.701606
421	go	11	757.408039
422	go	11	583.183073
423	go	11	557.581769
424	go	11	598.263799
425	go	11	581.258563
426	go	11	n/a
427	go	11	488.081838
428	go	11	547.837728
429	go	11	678.727409
430	go	11	634.067236
431	go	11	824.667056
432	nogo	11	748.553552
433	go	11	819.641107
434	go	11	585.933476
435	go	11	680.660066
436	nogo	11	650.919182
437	go	11	575.205616
438	go	11	760.732808
439	go	11	621.071589
440	go	11	600.072848
441	go	11	732.735873
442	go	11	727.502813
443	go	11	575.582786
444	nogo	11	578.000252
445	go	11	732.907317
446	go	11	983.033237
447	go	11	547.815499
448	go	11	1010.433719
449	nogo	11	866.483443
450	go	11	591.045522
469	go	13	952.968365
470	go	13	1148.238736
471	go	13	937.795290
472	nogo	13	761.922266
473	go	13	1044.006867
474	go	13	n/a
475	go	13	n/a
476	go	13	496.801741
477	go	13	565.888326
478	nogo	13	605.611714
479	go	13	510.215780
480	go	13	972.812077
481	go	13	721.329476
482	nogo	13	935.300761
483	go	13	1066.965120
484	go	13	739.406359
485	go	13	551.237015
486	go	13	578.576092
487	go	13	865.694873
488	go	13	536.655467
489	go	13	661.911770
490	go	13	945.280298
491	go	13	925.718368
492	go	13	526.660248
493	go	13	726.820889
494	nogo	13	n/a
495	go	13	998.568191
496	nogo	13	558.963057
497	go	13	725.719181
498	go	13	622.823163
499	nogo	13	624.000825
500	go	13	575.122894
501	go	13	819.932649
502	go	13	561.962038
503	go	13	638.679954
504	go	13	918.938818
505	go	13	683.678133
506	nogo	13	581.220463
507	go	13	n/a
508	go	13	629.308950
509	nogo	13	n/a
510	go	13	n/a
511	go	13	996.389342
512	go	13	581.561826
513	go	13	679.100190
514	go	13	761.728233
515	nogo	13	468.503909
516	go	13	n/a
517	go	13	652.748115
518	nogo	13	658.379069
519	go	13	570.320661
520	go	13	552.918123
521	go	13	512.456118
522	nogo	13	732.010168
523	go	13	610.421973
524	go	13	692.869104
525	go	13	589.831319
526	go	13	524.015673
527	go	13	620.507162
528	nogo	13	647.025746
529	go	14	593.490929
530	nogo	14	497.030097
531	go	14	1011.718643
532	go	14	624.179832
533	go	14	827.027659
534	go	14	722.785267
535	go	14	531.654625
536	go	14	865.650462
537	go	14	640.182806
538	go	14	635.690890
539	go	14	658.227186
540	go	14	641.515258
541	go	14	615.300623
542	go	14	937.464824
543	go	14	491.501487
544	go	14	n/a
545	go	14	558.054959
546	go	14	566.644077
547	go	14	n/a
548	nogo	14	515.482684
549	go	14	563.853558
550	go	14	760.939767
551	go	14	930.896352
552	go	14	578.663541
553	go	14	580.410452
554	go	14	610.099199
555	nogo	14	567.814094
556	go	14	611.886812
557	nogo	14	584.327427
558	go	14	600.602193
559	nogo	14	551.867258
560	go	14	740.873151
561	nogo	14	541.578767
562	go	14	591.044689
563	nogo	14	n/a
564	go	14	776.857652
565	go	14	554.855551
566	nogo	14	658.945739
567	go	14	611.451577
568	go	14	554.873579
569	go	14	1046.241326
570	go	14	566.449440
571	go	14	602.538586
572	nogo	14	657.973404
573	go	14	532.742066
574	go	14	586.343828
575	nogo	14	588.876320
576	go	14	n/a
577	go	14	658.589504
578	go	14	810.410213
579	go	14	810.272558
580	go	14	632.829010
581	go	14	577.419347
582	go	14	591.423819
583	go	14	700.762616
584	nogo	14	602.317016
585	go	14	601.646393
586	nogo	14	746.078888
587	go	14	n/a
588	go	14	573.546205
