trial_index	trial_type	block_number	block_type	is_practice	n_left_clicks	go_first_left_inside	go_first_left_rt	parse_failed_time	parse_failed_xy	parse_failed_buttons	mismatched_lengths	any_rb_nonzero	any_mb_nonzero	any_click	any_left	any_right	nogo_stop_time	nogo_stopped	nogo_outcome	nogo_parse_failed	rt_combined	accuracy
1	go	1	go_only	1	0	0	n/a	0	0	0	0	0	0	0	0	0	0.438962	1	stopped_early	0	n/a	0
2	go	1	go_only	1	1	1	1.075023	0	0	0	0	0	0	1	1	0	0.558686	1	stopped_early	0	1.075023	1
3	go	1	go_only	1	1	1	1.209452	0	0	0	0	0	0	1	1	0	0.459316	1	stopped_early	0	1.209452	1
4	go	1	go_only	1	2	0	0.777504	0	0	0	0	0	0	1	1	0	n/a	0	no_stop_early	0	n/a	0
5	go	1	go_only	1	1	1	1.076615	0	0	0	0	0	0	1	1	0	n/a	0	no_stop_early	0	1.076615	1
6	go	1	go_only	1	1	1	1.223556	0	0	0	0	0	0	1	1	0	n/a	0	no_stop_early	0	1.223556	1
7	go	1	go_only	1	1	1	1.375342	0	0	0	0	0	0	1	1	0	n/a	0	no_stop_early	0	1.375342	1
8	go	1	go_only	1	1	1	0.894151	0	0	0	0	0	0	1	1	0	0.193791	1	stopped_early	0	0.894151	1
9	go	1	go_only	1	0	0	n/a	0	0	0	0	0	0	0	0	0	0.914286	1	stopped_near_deadline	0	n/a	0
10	go	1	go_only	1	1	1	1.075995	0	0	0	0	0	0	1	1	0	n/a	0	no_stop_early	0	1.075995	1
11	go	1	go_only	1	0	0	n/a	0	0	0	0	0	0	0	0	0	0.943071	1	stopped_near_deadline	0	n/a	0
12	go	1	go_only	1	1	1	1.310155	0	0	0	0	0	0	1	1	0	1.026982	1	stopped_early	0	1.310155	1
13	go	1	go_only	1	1	1	0.562880	0	0	0	0	0	0	1	1	0	n/a	0	no_stop_early	0	0.562880	1
14	go	1	go_only	1	1	1	0.709435	0	0	0	0	0	0	1	1	0	n/a	0	no_stop_early	0	0.709435	1
15	go	1	go_only	1	1	1	0.725583	0	0	0	0	0	0	1	1	0	n/a	0	no_stop_early	0	0.725583	1
16	go	1	go_only	1	1	1	0.676226	0	0	0	0	0	0	1	1	0	n/a	0	no_stop_early	0	0.676226	1
17	go	1	go_only	1	1	1	0.626408	0	0	0	0	0	0	1	1	0	n/a	0	no_stop_early	0	0.626408	1
18	go	1	go_only	1	1	1	0.744574	0	0	0	0	0	0	1	1	0	0.544303	1	stopped_early	0	0.744574	1
19	go	2	go_nogo_prac	1	1	1	0.610492	0	0	0	0	0	0	1	1	0	n/a	0	no_stop_early	0	0.610492	1
20	go	2	go_nogo_prac	1	1	1	0.644683	0	0	0	0	0	0	1	1	0	n/a	0	no_stop_early	0	0.644683	1
21	go	2	go_nogo_prac	1	1	1	0.712032	0	0	0	0	0	0	1	1	0	n/a	0	no_stop_early	0	0.712032	1
22	nogo	2	go_nogo_prac	1	0	0	n/a	0	0	0	0	0	0	0	0	0	0.925788	1	stopped_near_deadline	0	0.925788	1
23	go	2	go_nogo_prac	1	1	1	0.578337	0	0	0	0	0	0	1	1	0	n/a	0	no_stop_early	0	0.578337	1
24	nogo	2	go_nogo_prac	1	0	0	n/a	0	0	0	0	0	0	0	0	0	1.074612	1	stopped_near_deadline	0	1.074612	1
25	go	2	go_nogo_prac	1	1	1	0.943776	0	0	0	0	0	0	1	1	0	0.343796	1	stopped_early	0	0.943776	1
26	go	2	go_nogo_prac	1	1	1	0.876345	0	0	0	0	0	0	1	1	0	n/a	0	no_stop_early	0	0.876345	1
27	nogo	2	go_nogo_prac	1	0	0	n/a	0	0	0	0	0	0	0	0	0	0.325782	1	stopped_near_deadline	0	0.325782	1
28	go	2	go_nogo_prac	1	1	1	0.925675	0	0	0	0	0	0	1	1	0	0.725428	1	stopped_early	0	0.925675	1
29	nogo	2	go_nogo_prac	1	0	0	n/a	0	0	0	0	0	0	0	0	0	n/a	0	no_stop_early	0	n/a	0
30	go	2	go_nogo_prac	1	1	1	1.175156	0	0	0	0	0	0	1	1	0	0.508599	1	stopped_early	0	1.175156	1
31	go	2	go_nogo_prac	1	1	1	0.775574	0	0	0	0	0	0	1	1	0	n/a	0	no_stop_early	0	0.775574	1
32	go	2	go_nogo_prac	1	1	1	0.628682	0	0	0	0	0	0	1	1	0	n/a	0	no_stop_early	0	0.628682	1
33	go	2	go_nogo_prac	1	1	1	0.646110	0	0	0	0	0	0	1	1	0	n/a	0	no_stop_early	0	0.646110	1
34	go	2	go_nogo_prac	1	1	1	1.258296	0	0	0	0	0	0	1	1	0	n/a	0	no_stop_early	0	1.258296	1
35	go	2	go_nogo_prac	1	1	1	0.742647	0	0	0	0	0	0	1	1	0	n/a	0	no_stop_early	0	0.742647	1
36	go	2	go_nogo_prac	1	1	1	0.660788	0	0	0	0	0	0	1	1	0	n/a	0	no_stop_early	0	0.660788	1
37	go	3	go_only	0	1	1	0.710394	0	0	0	0	0	0	1	1	0	n/a	0	no_stop_early	0	0.710394	1
38	go	3	go_only	0	1	1	0.627557	0	0	0	0	0	0	1	1	0	0.443941	1	stopped_early	0	0.627557	1
39	go	3	go_only	0	1	1	0.645839	0	0	0	0	0	0	1	1	0	n/a	0	no_stop_early	0	0.645839	1
40	go	3	go_only	0	1	1	0.543704	0	0	0	0	0	0	1	1	0	n/a	0	no_stop_early	0	0.543704	1
41	go	3	go_only	0	1	1	0.493972	0	0	0	0	0	0	1	1	0	n/a	0	no_stop_early	0	0.493972	1
42	go	3	go_only	0	1	1	0.526844	0	0	0	0	0	0	1	1	0	n/a	0	no_stop_early	0	0.526844	1
43	go	3	go_only	0	1	1	0.510964	0	0	0	0	0	0	1	1	0	n/a	0	no_stop_early	0	0.510964	1
44	go	3	go_only	0	1	1	0.511987	0	0	0	0	0	0	1	1	0	n/a	0	no_stop_early	0	0.511987	1
45	go	3	go_only	0	1	1	0.561549	0	0	0	0	0	0	1	1	0	n/a	0	no_stop_early	0	0.561549	1
46	go	3	go_only	0	1	1	0.527523	0	0	0	0	0	0	1	1	0	n/a	0	no_stop_early	0	0.527523	1
47	go	3	go_only	0	1	1	0.493747	0	0	0	0	0	0	1	1	0	n/a	0	no_stop_early	0	0.493747	1
48	go	3	go_only	0	1	1	0.494099	0	0	0	0	0	0	1	1	0	n/a	0	no_stop_early	0	0.494099	1
49	go	3	go_only	0	1	1	0.526457	0	0	0	0	0	0	1	1	0	n/a	0	no_stop_early	0	0.526457	1
50	go	3	go_only	0	1	1	0.528280	0	0	0	0	0	0	1	1	0	n/a	0	no_stop_early	0	0.528280	1
51	go	3	go_only	0	1	1	0.528173	0	0	0	0	0	0	1	1	0	n/a	0	no_stop_early	0	0.528173	1
52	go	3	go_only	0	1	1	0.544840	0	0	0	0	0	0	1	1	0	n/a	0	no_stop_early	0	0.544840	1
53	go	3	go_only	0	1	1	0.460146	0	0	0	0	0	0	1	1	0	n/a	0	no_stop_early	0	0.460146	1
54	go	3	go_only	0	1	0	0.511552	0	0	0	0	0	0	1	1	0	n/a	0	no_stop_early	0	n/a	0
55	go	4	go_nogo	0	1	1	0.509436	0	0	0	0	0	0	1	1	0	n/a	0	no_stop_early	0	0.509436	1
56	go	4	go_nogo	0	1	1	0.478056	0	0	0	0	0	0	1	1	0	n/a	0	no_stop_early	0	0.478056	1
57	go	4	go_nogo	0	1	1	0.510445	0	0	0	0	0	0	1	1	0	n/a	0	no_stop_early	0	0.510445	1
58	nogo	4	go_nogo	0	0	0	n/a	0	0	0	0	0	0	0	0	0	n/a	0	no_stop_timeout	0	n/a	0
59	go	4	go_nogo	0	1	1	0.611398	0	0	0	0	0	0	1	1	0	n/a	0	no_stop_early	0	0.611398	1
60	go	4	go_nogo	0	1	1	0.660096	0	0	0	0	0	0	1	1	0	n/a	0	no_stop_early	0	0.660096	1
61	go	4	go_nogo	0	1	1	0.560257	0	0	0	0	0	0	1	1	0	n/a	0	no_stop_early	0	0.560257	1
62	go	4	go_nogo	0	1	1	0.493250	0	0	0	0	0	0	1	1	0	n/a	0	no_stop_early	0	0.493250	1
63	nogo	4	go_nogo	0	0	0	n/a	0	0	0	0	0	0	0	0	0	n/a	0	no_stop_timeout	0	n/a	0
64	go	4	go_nogo	0	1	1	0.643488	0	0	0	0	0	0	1	1	0	n/a	0	no_stop_early	0	0.643488	1
65	nogo	4	go_nogo	0	0	0	n/a	0	0	0	0	0	0	0	0	0	0.511629	1	stopped_early	0	0.511629	1
66	go	4	go_nogo	0	1	1	0.558659	0	0	0	0	0	0	1	1	0	0.408490	1	stopped_early	0	0.558659	1
67	nogo	4	go_nogo	0	0	0	n/a	0	0	0	0	0	0	0	0	0	0.742812	1	stopped_early	0	0.742812	1
68	go	4	go_nogo	0	1	1	0.544275	0	0	0	0	0	0	1	1	0	n/a	0	no_stop_early	0	0.544275	1
69	nogo	4	go_nogo	0	0	0	n/a	0	0	0	0	0	0	0	0	0	0.528571	1	stopped_early	0	0.528571	1
70	go	4	go_nogo	0	2	0	0.592444	0	0	0	0	0	0	1	1	0	0.592444	1	stopped_early	0	n/a	0
71	nogo	4	go_nogo	0	0	0	n/a	0	0	0	0	0	0	0	0	0	0.407734	1	stopped_early	0	0.407734	1
72	go	4	go_nogo	0	1	1	0.656803	0	0	0	0	0	0	1	1	0	n/a	0	no_stop_early	0	0.656803	1
73	go	4	go_nogo	0	1	1	0.660343	0	0	0	0	0	0	1	1	0	n/a	0	no_stop_early	0	0.660343	1
74	go	4	go_nogo	0	1	1	0.661884	0	0	0	0	0	0	1	1	0	n/a	0	no_stop_early	0	0.661884	1
75	nogo	4	go_nogo	0	0	0	n/a	0	0	0	0	0	0	0	0	0	0.458934	1	stopped_early	0	0.458934	1
76	go	4	go_nogo	0	1	1	0.575998	0	0	0	0	0	0	1	1	0	n/a	0	no_stop_early	0	0.575998	1
77	go	4	go_nogo	0	1	1	0.711802	0	0	0	0	0	0	1	1	0	n/a	0	no_stop_early	0	0.711802	1
78	go	4	go_nogo	0	1	1	0.576719	0	0	0	0	0	0	1	1	0	n/a	0	no_stop_early	0	0.576719	1
79	go	4	go_nogo	0	1	1	0.544356	0	0	0	0	0	0	1	1	0	n/a	0	no_stop_early	0	0.544356	1
80	go	4	go_nogo	0	1	1	0.761115	0	0	0	0	0	0	1	1	0	0.494344	1	stopped_early	0	0.761115	1
81	go	4	go_nogo	0	1	1	0.744458	0	0	0	0	0	0	1	1	0	n/a	0	no_stop_early	0	0.744458	1
82	go	4	go_nogo	0	1	1	0.593331	0	0	0	0	0	0	1	1	0	n/a	0	no_stop_early	0	0.593331	1
83	go	4	go_nogo	0	1	1	0.528957	0	0	0	0	0	0	1	1	0	n/a	0	no_stop_early	0	0.528957	1
84	go	4	go_nogo	0	1	1	0.509385	0	0	0	0	0	0	1	1	0	n/a	0	no_stop_early	0	0.509385	1
85	go	4	go_nogo	0	1	1	0.693268	0	0	0	0	0	0	1	1	0	n/a	0	no_stop_early	0	0.693268	1
86	nogo	4	go_nogo	0	0	0	n/a	0	0	0	0	0	0	0	0	0	0.411224	1	stopped_early	0	0.411224	1
87	go	4	go_nogo	0	1	1	0.511775	0	0	0	0	0	0	1	1	0	n/a	0	no_stop_early	0	0.511775	1
88	go	4	go_nogo	0	1	1	0.595107	0	0	0	0	0	0	1	1	0	n/a	0	no_stop_early	0	0.595107	1
89	go	4	go_nogo	0	1	1	0.544980	0	0	0	0	0	0	1	1	0	n/a	0	no_stop_early	0	0.544980	1
90	go	4	go_nogo	0	1	1	0.495661	0	0	0	0	0	0	1	1	0	n/a	0	no_stop_early	0	0.495661	1
91	go	4	go_nogo	0	1	1	0.479784	0	0	0	0	0	0	1	1	0	n/a	0	no_stop_early	0	0.479784	1
92	go	4	go_nogo	0	1	1	0.544889	0	0	0	0	0	0	1	1	0	n/a	0	no_stop_early	0	0.544889	1
93	nogo	4	go_nogo	0	0	0	n/a	0	0	0	0	0	0	0	0	0	0.409037	1	stopped_near_deadline	0	0.409037	1
94	go	4	go_nogo	0	1	1	0.508231	0	0	0	0	0	0	1	1	0	n/a	0	no_stop_early	0	0.508231	1
95	nogo	4	go_nogo	0	0	0	n/a	0	0	0	0	0	0	0	0	0	0.492970	1	stopped_early	0	0.492970	1
96	go	4	go_nogo	0	1	1	0.561432	0	0	0	0	0	0	1	1	0	n/a	0	no_stop_early	0	0.561432	1
97	go	4	go_nogo	0	1	1	0.491706	0	0	0	0	0	0	1	1	0	0.274543	1	stopped_early	0	0.491706	1
98	go	4	go_nogo	0	1	1	0.696658	0	0	0	0	0	0	1	1	0	n/a	0	no_stop_early	0	0.696658	1
99	go	4	go_nogo	0	1	1	0.544517	0	0	0	0	0	0	1	1	0	n/a	0	no_stop_early	0	0.544517	1
100	go	4	go_nogo	0	1	1	0.443332	0	0	0	0	0	0	1	1	0	n/a	0	no_stop_early	0	0.443332	1
101	go	4	go_nogo	0	1	1	0.562263	0	0	0	0	0	0	1	1	0	n/a	0	no_stop_early	0	0.562263	1
102	go	4	go_nogo	0	1	1	0.393901	0	0	0	0	0	0	1	1	0	n/a	0	no_stop_early	0	0.393901	1
103	go	4	go_nogo	0	1	1	0.559473	0	0	0	0	0	0	1	1	0	n/a	0	no_stop_early	0	0.559473	1
104	go	4	go_nogo	0	1	1	0.644658	0	0	0	0	0	0	1	1	0	n/a	0	no_stop_early	0	0.644658	1
105	go	4	go_nogo	0	1	1	0.593826	0	0	0	0	0	0	1	1	0	n/a	0	no_stop_early	0	0.593826	1
106	go	4	go_nogo	0	1	1	0.491885	0	0	0	0	0	0	1	1	0	n/a	0	no_stop_early	0	0.491885	1
107	go	4	go_nogo	0	1	1	0.493184	0	0	0	0	0	0	1	1	0	n/a	0	no_stop_early	0	0.493184	1
108	go	4	go_nogo	0	1	1	0.609489	0	0	0	0	0	0	1	1	0	n/a	0	no_stop_early	0	0.609489	1
109	nogo	4	go_nogo	0	0	0	n/a	0	0	0	0	0	0	0	0	0	0.876757	1	stopped_near_deadline	0	0.876757	1
110	go	4	go_nogo	0	1	1	0.561210	0	0	0	0	0	0	1	1	0	n/a	0	no_stop_early	0	0.561210	1
111	go	4	go_nogo	0	1	1	0.728811	0	0	0	0	0	0	1	1	0	n/a	0	no_stop_early	0	0.728811	1
112	go	4	go_nogo	0	1	1	0.610456	0	0	0	0	0	0	1	1	0	n/a	0	no_stop_early	0	0.610456	1
113	nogo	4	go_nogo	0	0	0	n/a	0	0	0	0	0	0	0	0	0	0.411582	1	stopped_early	0	0.411582	1
114	go	4	go_nogo	0	1	1	0.510197	0	0	0	0	0	0	1	1	0	n/a	0	no_stop_early	0	0.510197	1
115	go	5	go_nogo	0	1	1	0.676069	0	0	0	0	0	0	1	1	0	n/a	0	no_stop_early	0	0.676069	1
116	go	5	go_nogo	0	1	1	0.562206	0	0	0	0	0	0	1	1	0	n/a	0	no_stop_early	0	0.562206	1
117	nogo	5	go_nogo	0	0	0	n/a	0	0	0	0	0	0	0	0	0	0.443289	1	stopped_early	0	0.443289	1
118	go	5	go_nogo	0	1	1	0.575671	0	0	0	0	0	0	1	1	0	n/a	0	no_stop_early	0	0.575671	1
119	go	5	go_nogo	0	1	1	0.710408	0	0	0	0	0	0	1	1	0	0.559820	1	stopped_early	0	0.710408	1
120	go	5	go_nogo	0	1	1	0.476342	0	0	0	0	0	0	1	1	0	n/a	0	no_stop_early	0	0.476342	1
121	go	5	go_nogo	0	1	1	0.577028	0	0	0	0	0	0	1	1	0	n/a	0	no_stop_early	0	0.577028	1
122	go	5	go_nogo	0	1	1	0.626868	0	0	0	0	0	0	1	1	0	0.493389	1	stopped_early	0	0.626868	1
123	go	5	go_nogo	0	1	1	0.612193	0	0	0	0	0	0	1	1	0	n/a	0	no_stop_early	0	0.612193	1
124	go	5	go_nogo	0	1	1	0.794247	0	0	0	0	0	0	1	1	0	n/a	0	no_stop_early	0	0.794247	1
125	go	5	go_nogo	0	1	1	0.609575	0	0	0	0	0	0	1	1	0	n/a	0	no_stop_early	0	0.609575	1
126	nogo	5	go_nogo	0	0	0	n/a	0	0	0	0	0	0	0	0	0	0.427672	1	stopped_early	0	0.427672	1
127	go	5	go_nogo	0	1	1	0.475734	0	0	0	0	0	0	1	1	0	n/a	0	no_stop_early	0	0.475734	1
128	go	5	go_nogo	0	1	1	0.528400	0	0	0	0	0	0	1	1	0	n/a	0	no_stop_early	0	0.528400	1
129	nogo	5	go_nogo	0	0	0	n/a	0	0	0	0	0	0	0	0	0	0.426487	1	stopped_early	0	0.426487	1
130	go	5	go_nogo	0	1	1	0.510985	0	0	0	0	0	0	1	1	0	n/a	0	no_stop_early	0	0.510985	1
131	go	5	go_nogo	0	1	1	0.493155	0	0	0	0	0	0	1	1	0	n/a	0	no_stop_early	0	0.493155	1
132	go	5	go_nogo	0	1	1	0.612260	0	0	0	0	0	0	1	1	0	n/a	0	no_stop_early	0	0.612260	1
133	go	5	go_nogo	0	1	1	0.560072	0	0	0	0	0	0	1	1	0	n/a	0	no_stop_early	0	0.560072	1
134	nogo	5	go_nogo	0	0	0	n/a	0	0	0	0	0	0	0	0	0	0.475812	1	stopped_near_deadline	0	0.475812	1
135	go	5	go_nogo	0	2	0	0.526650	0	0	0	0	0	0	1	1	0	0.276577	1	stopped_early	0	n/a	0
136	go	5	go_nogo	0	1	1	0.626103	0	0	0	0	0	0	1	1	0	n/a	0	no_stop_early	0	0.626103	1
137	go	5	go_nogo	0	1	1	0.528944	0	0	0	0	0	0	1	1	0	n/a	0	no_stop_early	0	0.528944	1
138	go	5	go_nogo	0	1	1	0.544629	0	0	0	0	0	0	1	1	0	n/a	0	no_stop_early	0	0.544629	1
139	go	5	go_nogo	0	1	1	0.643558	0	0	0	0	0	0	1	1	0	n/a	0	no_stop_early	0	0.643558	1
140	go	5	go_nogo	0	1	1	0.525549	0	0	0	0	0	0	1	1	0	n/a	0	no_stop_early	0	0.525549	1
141	nogo	5	go_nogo	0	0	0	n/a	0	0	0	0	0	0	0	0	0	0.476718	1	stopped_early	0	0.476718	1
142	go	5	go_nogo	0	1	1	0.495028	0	0	0	0	0	0	1	1	0	n/a	0	no_stop_early	0	0.495028	1
143	go	5	go_nogo	0	1	1	0.578525	0	0	0	0	0	0	1	1	0	n/a	0	no_stop_early	0	0.578525	1
144	go	5	go_nogo	0	1	1	0.477647	0	0	0	0	0	0	1	1	0	n/a	0	no_stop_early	0	0.477647	1
145	go	5	go_nogo	0	1	1	0.545923	0	0	0	0	0	0	1	1	0	n/a	0	no_stop_early	0	0.545923	1
146	go	5	go_nogo	0	1	1	0.592433	0	0	0	0	0	0	1	1	0	n/a	0	no_stop_early	0	0.592433	1
147	go	5	go_nogo	0	1	1	0.543725	0	0	0	0	0	0	1	1	0	n/a	0	no_stop_early	0	0.543725	1
148	go	5	go_nogo	0	1	1	0.659675	0	0	0	0	0	0	1	1	0	n/a	0	no_stop_early	0	0.659675	1
149	nogo	5	go_nogo	0	0	0	n/a	0	0	0	0	0	0	0	0	0	0.525678	1	stopped_early	0	0.525678	1
150	go	5	go_nogo	0	1	1	0.527974	0	0	0	0	0	0	1	1	0	n/a	0	no_stop_early	0	0.527974	1
151	go	5	go_nogo	0	1	1	0.494967	0	0	0	0	0	0	1	1	0	n/a	0	no_stop_early	0	0.494967	1
152	go	5	go_nogo	0	1	1	0.626039	0	0	0	0	0	0	1	1	0	n/a	0	no_stop_early	0	0.626039	1
153	go	5	go_nogo	0	1	1	0.626681	0	0	0	0	0	0	1	1	0	n/a	0	no_stop_early	0	0.626681	1
154	nogo	5	go_nogo	0	0	0	n/a	0	0	0	0	0	0	0	0	0	0.476849	1	stopped_early	0	0.476849	1
155	go	5	go_nogo	0	1	1	0.793792	0	0	0	0	0	0	1	1	0	0.577174	1	stopped_early	0	0.793792	1
156	nogo	5	go_nogo	0	0	0	n/a	0	0	0	0	0	0	0	0	0	0.459810	1	stopped_near_deadline	0	0.459810	1
157	go	5	go_nogo	0	1	1	0.675809	0	0	0	0	0	0	1	1	0	n/a	0	no_stop_early	0	0.675809	1
158	go	5	go_nogo	0	2	0	0.678013	0	0	0	0	0	0	1	1	0	n/a	0	no_stop_early	0	n/a	0
159	go	5	go_nogo	0	1	1	0.660454	0	0	0	0	0	0	1	1	0	n/a	0	no_stop_early	0	0.660454	1
160	go	5	go_nogo	0	1	1	0.610883	0	0	0	0	0	0	1	1	0	n/a	0	no_stop_early	0	0.610883	1
161	nogo	5	go_nogo	0	0	0	n/a	0	0	0	0	0	0	0	0	0	0.460525	1	stopped_early	0	0.460525	1
162	go	5	go_nogo	0	1	1	0.561128	0	0	0	0	0	0	1	1	0	n/a	0	no_stop_early	0	0.561128	1
163	nogo	5	go_nogo	0	0	0	n/a	0	0	0	0	0	0	0	0	0	0.344063	1	stopped_early	0	0.344063	1
164	go	5	go_nogo	0	1	1	0.542626	0	0	0	0	0	0	1	1	0	n/a	0	no_stop_early	0	0.542626	1
165	go	5	go_nogo	0	1	1	0.526293	0	0	0	0	0	0	1	1	0	n/a	0	no_stop_early	0	0.526293	1
166	go	5	go_nogo	0	1	1	0.526917	0	0	0	0	0	0	1	1	0	n/a	0	no_stop_early	0	0.526917	1
167	go	5	go_nogo	0	1	1	0.527401	0	0	0	0	0	0	1	1	0	n/a	0	no_stop_early	0	0.527401	1
168	go	5	go_nogo	0	1	1	0.609847	0	0	0	0	0	0	1	1	0	n/a	0	no_stop_early	0	0.609847	1
169	go	5	go_nogo	0	1	1	0.593878	0	0	0	0	0	0	1	1	0	n/a	0	no_stop_early	0	0.593878	1
170	go	5	go_nogo	0	1	1	0.544886	0	0	0	0	0	0	1	1	0	n/a	0	no_stop_early	0	0.544886	1
171	go	5	go_nogo	0	1	1	0.528841	0	0	0	0	0	0	1	1	0	n/a	0	no_stop_early	0	0.528841	1
172	nogo	5	go_nogo	0	0	0	n/a	0	0	0	0	0	0	0	0	0	0.478803	1	stopped_early	0	0.478803	1
173	go	5	go_nogo	0	1	1	0.441889	0	0	0	0	0	0	1	1	0	n/a	0	no_stop_early	0	0.441889	1
174	nogo	5	go_nogo	0	0	0	n/a	0	0	0	0	0	0	0	0	0	0.475781	1	stopped_early	0	0.475781	1
175	go	6	go_only	0	1	1	0.542290	0	0	0	0	0	0	1	1	0	n/a	0	no_stop_early	0	0.542290	1
176	go	6	go_only	0	1	1	0.543304	0	0	0	0	0	0	1	1	0	n/a	0	no_stop_early	0	0.543304	1
177	go	6	go_only	0	1	1	0.510059	0	0	0	0	0	0	1	1	0	n/a	0	no_stop_early	0	0.510059	1
178	go	6	go_only	0	1	1	0.527529	0	0	0	0	0	0	1	1	0	n/a	0	no_stop_early	0	0.527529	1
179	go	6	go_only	0	1	1	0.476773	0	0	0	0	0	0	1	1	0	n/a	0	no_stop_early	0	0.476773	1
180	go	6	go_only	0	1	1	0.446148	0	0	0	0	0	0	1	1	0	n/a	0	no_stop_early	0	0.446148	1
181	go	6	go_only	0	1	1	0.411821	0	0	0	0	0	0	1	1	0	n/a	0	no_stop_early	0	0.411821	1
182	go	6	go_only	0	1	1	0.392771	0	0	0	0	0	0	1	1	0	n/a	0	no_stop_early	0	0.392771	1
183	go	6	go_only	0	1	1	0.592114	0	0	0	0	0	0	1	1	0	n/a	0	no_stop_early	0	0.592114	1
184	go	6	go_only	0	1	1	0.493600	0	0	0	0	0	0	1	1	0	n/a	0	no_stop_early	0	0.493600	1
185	go	6	go_only	0	1	1	0.445497	0	0	0	0	0	0	1	1	0	n/a	0	no_stop_early	0	0.445497	1
186	go	6	go_only	0	1	1	0.578304	0	0	0	0	0	0	1	1	0	n/a	0	no_stop_early	0	0.578304	1
187	go	6	go_only	0	1	1	0.543347	0	0	0	0	0	0	1	1	0	n/a	0	no_stop_early	0	0.543347	1
188	go	6	go_only	0	1	1	0.392688	0	0	0	0	0	0	1	1	0	n/a	0	no_stop_early	0	0.392688	1
189	go	6	go_only	0	1	1	0.544267	0	0	0	0	0	0	1	1	0	n/a	0	no_stop_early	0	0.544267	1
190	go	6	go_only	0	1	1	0.410509	0	0	0	0	0	0	1	1	0	n/a	0	no_stop_early	0	0.410509	1
191	go	6	go_only	0	1	1	0.462004	0	0	0	0	0	0	1	1	0	n/a	0	no_stop_early	0	0.462004	1
192	go	6	go_only	0	1	1	0.441902	0	0	0	0	0	0	1	1	0	n/a	0	no_stop_early	0	0.441902	1
193	go	7	go_nogo	0	1	1	0.508122	0	0	0	0	0	0	1	1	0	n/a	0	no_stop_early	0	0.508122	1
194	go	7	go_nogo	0	1	1	0.559930	0	0	0	0	0	0	1	1	0	n/a	0	no_stop_early	0	0.559930	1
195	nogo	7	go_nogo	0	0	0	n/a	0	0	0	0	0	0	0	0	0	0.309527	1	stopped_early	0	0.309527	1
196	go	7	go_nogo	0	1	1	0.543919	0	0	0	0	0	0	1	1	0	n/a	0	no_stop_early	0	0.543919	1
197	go	7	go_nogo	0	1	1	0.644119	0	0	0	0	0	0	1	1	0	n/a	0	no_stop_early	0	0.644119	1
198	go	7	go_nogo	0	1	1	0.575171	0	0	0	0	0	0	1	1	0	n/a	0	no_stop_early	0	0.575171	1
199	go	7	go_nogo	0	1	1	0.609632	0	0	0	0	0	0	1	1	0	n/a	0	no_stop_early	0	0.609632	1
200	go	7	go_nogo	0	1	1	0.462180	0	0	0	0	0	0	1	1	0	0.245535	1	stopped_early	0	0.462180	1
201	go	7	go_nogo	0	1	1	0.659362	0	0	0	0	0	0	1	1	0	n/a	0	no_stop_early	0	0.659362	1
202	go	7	go_nogo	0	1	1	0.642738	0	0	0	0	0	0	1	1	0	0.142803	1	stopped_early	0	0.642738	1
203	go	7	go_nogo	0	1	1	0.593747	0	0	0	0	0	0	1	1	0	n/a	0	no_stop_early	0	0.593747	1
204	go	7	go_nogo	0	1	1	0.625837	0	0	0	0	0	0	1	1	0	n/a	0	no_stop_early	0	0.625837	1
205	nogo	7	go_nogo	0	0	0	n/a	0	0	0	0	0	0	0	0	0	0.493226	1	stopped_early	0	0.493226	1
206	go	7	go_nogo	0	1	1	0.528223	0	0	0	0	0	0	1	1	0	n/a	0	no_stop_early	0	0.528223	1
207	nogo	7	go_nogo	0	0	0	n/a	0	0	0	0	0	0	0	0	0	0.311633	1	stopped_early	0	0.311633	1
208	go	7	go_nogo	0	1	1	0.544444	0	0	0	0	0	0	1	1	0	n/a	0	no_stop_early	0	0.544444	1
209	nogo	7	go_nogo	0	0	0	n/a	0	0	0	0	0	0	0	0	0	0.409011	1	stopped_early	0	0.409011	1
210	go	7	go_nogo	0	1	1	0.658570	0	0	0	0	0	0	1	1	0	n/a	0	no_stop_early	0	0.658570	1
211	go	7	go_nogo	0	1	1	0.645376	0	0	0	0	0	0	1	1	0	n/a	0	no_stop_early	0	0.645376	1
212	go	7	go_nogo	0	1	1	0.709394	0	0	0	0	0	0	1	1	0	n/a	0	no_stop_early	0	0.709394	1
213	go	7	go_nogo	0	1	1	0.662374	0	0	0	0	0	0	1	1	0	n/a	0	no_stop_early	0	0.662374	1
214	go	7	go_nogo	0	1	1	0.627045	0	0	0	0	0	0	1	1	0	n/a	0	no_stop_early	0	0.627045	1
215	go	7	go_nogo	0	1	1	0.560839	0	0	0	0	0	0	1	1	0	0.393970	1	stopped_early	0	0.560839	1
216	nogo	7	go_nogo	0	0	0	n/a	0	0	0	0	0	0	0	0	0	0.543288	1	stopped_early	0	0.543288	1
217	go	7	go_nogo	0	1	1	0.560774	0	0	0	0	0	0	1	1	0	n/a	0	no_stop_early	0	0.560774	1
218	nogo	7	go_nogo	0	0	0	n/a	0	0	0	0	0	0	0	0	0	n/a	0	no_stop_timeout	0	n/a	0
219	go	7	go_nogo	0	1	1	0.660272	0	0	0	0	0	0	1	1	0	n/a	0	no_stop_early	0	0.660272	1
220	go	7	go_nogo	0	1	1	0.794012	0	0	0	0	0	0	1	1	0	n/a	0	no_stop_early	0	0.794012	1
221	go	7	go_nogo	0	1	1	0.610522	0	0	0	0	0	0	1	1	0	n/a	0	no_stop_early	0	0.610522	1
222	nogo	7	go_nogo	0	0	0	n/a	0	0	0	0	0	0	0	0	0	0.477373	1	stopped_early	0	0.477373	1
223	go	7	go_nogo	0	1	1	0.809302	0	0	0	0	0	0	1	1	0	n/a	0	no_stop_early	0	0.809302	1
224	go	7	go_nogo	0	1	1	0.643307	0	0	0	0	0	0	1	1	0	n/a	0	no_stop_early	0	0.643307	1
225	go	7	go_nogo	0	1	1	0.626954	0	0	0	0	0	0	1	1	0	n/a	0	no_stop_early	0	0.626954	1
226	nogo	7	go_nogo	0	0	0	n/a	0	0	0	0	0	0	0	0	0	0.427604	1	stopped_early	0	0.427604	1
227	go	7	go_nogo	0	1	1	0.660644	0	0	0	0	0	0	1	1	0	n/a	0	no_stop_early	0	0.660644	1
228	go	7	go_nogo	0	1	1	0.560010	0	0	0	0	0	0	1	1	0	n/a	0	no_stop_early	0	0.560010	1
229	go	7	go_nogo	0	1	1	0.876949	0	0	0	0	0	0	1	1	0	0.410056	1	stopped_early	0	0.876949	1
230	go	7	go_nogo	0	1	1	0.544161	0	0	0	0	0	0	1	1	0	n/a	0	no_stop_early	0	0.544161	1
231	go	7	go_nogo	0	1	1	0.543384	0	0	0	0	0	0	1	1	0	n/a	0	no_stop_early	0	0.543384	1
232	go	7	go_nogo	0	1	1	0.591518	0	0	0	0	0	0	1	1	0	n/a	0	no_stop_early	0	0.591518	1
233	go	7	go_nogo	0	1	1	0.561271	0	0	0	0	0	0	1	1	0	n/a	0	no_stop_early	0	0.561271	1
234	nogo	7	go_nogo	0	0	0	n/a	0	0	0	0	0	0	0	0	0	0.394446	1	stopped_early	0	0.394446	1
235	go	7	go_nogo	0	1	1	0.576552	0	0	0	0	0	0	1	1	0	n/a	0	no_stop_early	0	0.576552	1
236	go	7	go_nogo	0	1	1	0.642029	0	0	0	0	0	0	1	1	0	n/a	0	no_stop_early	0	0.642029	1
237	go	7	go_nogo	0	1	1	0.543235	0	0	0	0	0	0	1	1	0	n/a	0	no_stop_early	0	0.543235	1
238	go	7	go_nogo	0	1	1	0.692850	0	0	0	0	0	0	1	1	0	n/a	0	no_stop_early	0	0.692850	1
239	go	7	go_nogo	0	1	1	0.695071	0	0	0	0	0	0	1	1	0	n/a	0	no_stop_early	0	0.695071	1
240	nogo	7	go_nogo	0	0	0	n/a	0	0	0	0	0	0	0	0	0	n/a	0	no_stop_timeout	0	n/a	0
241	go	7	go_nogo	0	1	1	0.427869	0	0	0	0	0	0	1	1	0	n/a	0	no_stop_early	0	0.427869	1
242	go	7	go_nogo	0	1	1	0.526054	0	0	0	0	0	0	1	1	0	n/a	0	no_stop_early	0	0.526054	1
243	go	7	go_nogo	0	1	1	0.562228	0	0	0	0	0	0	1	1	0	n/a	0	no_stop_early	0	0.562228	1
244	go	7	go_nogo	0	1	1	0.610615	0	0	0	0	0	0	1	1	0	n/a	0	no_stop_early	0	0.610615	1
245	go	7	go_nogo	0	1	1	0.595833	0	0	0	0	0	0	1	1	0	n/a	0	no_stop_early	0	0.595833	1
246	go	7	go_nogo	0	1	1	0.575702	0	0	0	0	0	0	1	1	0	n/a	0	no_stop_early	0	0.575702	1
247	go	7	go_nogo	0	1	1	0.594203	0	0	0	0	0	0	1	1	0	n/a	0	no_stop_early	0	0.594203	1
248	nogo	7	go_nogo	0	0	0	n/a	0	0	0	0	0	0	0	0	0	0.442247	1	stopped_early	0	0.442247	1
249	go	7	go_nogo	0	1	1	0.511960	0	0	0	0	0	0	1	1	0	n/a	0	no_stop_early	0	0.511960	1
250	go	7	go_nogo	0	1	1	0.427136	0	0	0	0	0	0	1	1	0	n/a	0	no_stop_early	0	0.427136	1
251	nogo	7	go_nogo	0	0	0	n/a	0	0	0	0	0	0	0	0	0	0.360062	1	stopped_early	0	0.360062	1
252	go	7	go_nogo	0	1	1	0.543033	0	0	0	0	0	0	1	1	0	n/a	0	no_stop_early	0	0.543033	1
253	nogo	8	go_nogo	0	0	0	n/a	0	0	0	0	0	0	0	0	0	0.309330	1	stopped_early	0	0.309330	1
254	go	8	go_nogo	0	1	1	0.576417	0	0	0	0	0	0	1	1	0	n/a	0	no_stop_early	0	0.576417	1
255	go	8	go_nogo	0	2	0	0.611553	0	0	0	0	0	0	1	1	0	0.594332	1	stopped_early	0	n/a	0
256	go	8	go_nogo	0	1	1	0.610246	0	0	0	0	0	0	1	1	0	n/a	0	no_stop_early	0	0.610246	1
257	go	8	go_nogo	0	1	1	0.529331	0	0	0	0	0	0	1	1	0	n/a	0	no_stop_early	0	0.529331	1
258	go	8	go_nogo	0	1	1	0.528779	0	0	0	0	0	0	1	1	0	n/a	0	no_stop_early	0	0.528779	1
259	nogo	8	go_nogo	0	0	0	n/a	0	0	0	0	0	0	0	0	0	0.411456	1	stopped_early	0	0.411456	1
260	go	8	go_nogo	0	1	1	0.543111	0	0	0	0	0	0	1	1	0	n/a	0	no_stop_early	0	0.543111	1
261	go	8	go_nogo	0	1	1	0.643570	0	0	0	0	0	0	1	1	0	n/a	0	no_stop_early	0	0.643570	1
262	go	8	go_nogo	0	1	1	0.526994	0	0	0	0	0	0	1	1	0	n/a	0	no_stop_early	0	0.526994	1
263	go	8	go_nogo	0	1	1	0.562482	0	0	0	0	0	0	1	1	0	n/a	0	no_stop_early	0	0.562482	1
264	go	8	go_nogo	0	1	1	0.545755	0	0	0	0	0	0	1	1	0	n/a	0	no_stop_early	0	0.545755	1
265	go	8	go_nogo	0	1	1	0.642894	0	0	0	0	0	0	1	1	0	n/a	0	no_stop_early	0	0.642894	1
266	nogo	8	go_nogo	0	0	0	n/a	0	0	0	0	0	0	0	0	0	0.377061	1	stopped_early	0	0.377061	1
267	go	8	go_nogo	0	1	1	0.527790	0	0	0	0	0	0	1	1	0	n/a	0	no_stop_early	0	0.527790	1
268	go	8	go_nogo	0	2	0	0.544719	0	0	0	0	0	0	1	1	0	n/a	0	no_stop_early	0	n/a	0
269	go	8	go_nogo	0	1	1	0.525705	0	0	0	0	0	0	1	1	0	n/a	0	no_stop_early	0	0.525705	1
270	nogo	8	go_nogo	0	0	0	n/a	0	0	0	0	0	0	0	0	0	0.526332	1	stopped_early	0	0.526332	1
271	go	8	go_nogo	0	1	1	0.759440	0	0	0	0	0	0	1	1	0	0.176354	1	stopped_early	0	0.759440	1
272	nogo	8	go_nogo	0	0	0	n/a	0	0	0	0	0	0	0	0	0	0.475731	1	stopped_early	0	0.475731	1
273	go	8	go_nogo	0	1	1	0.526307	0	0	0	0	0	0	1	1	0	n/a	0	no_stop_early	0	0.526307	1
274	go	8	go_nogo	0	1	1	0.611056	0	0	0	0	0	0	1	1	0	n/a	0	no_stop_early	0	0.611056	1
275	go	8	go_nogo	0	1	1	0.760421	0	0	0	0	0	0	1	1	0	n/a	0	no_stop_early	0	0.760421	1
276	go	8	go_nogo	0	1	1	0.611289	0	0	0	0	0	0	1	1	0	n/a	0	no_stop_early	0	0.611289	1
277	go	8	go_nogo	0	1	1	0.561231	0	0	0	0	0	0	1	1	0	n/a	0	no_stop_early	0	0.561231	1
278	go	8	go_nogo	0	1	1	0.594628	0	0	0	0	0	0	1	1	0	n/a	0	no_stop_early	0	0.594628	1
279	go	8	go_nogo	0	1	1	0.611277	0	0	0	0	0	0	1	1	0	n/a	0	no_stop_early	0	0.611277	1
280	nogo	8	go_nogo	0	0	0	n/a	0	0	0	0	0	0	0	0	0	0.393142	1	stopped_early	0	0.393142	1
281	go	8	go_nogo	0	1	1	0.609991	0	0	0	0	0	0	1	1	0	n/a	0	no_stop_early	0	0.609991	1
282	go	8	go_nogo	0	1	1	0.592825	0	0	0	0	0	0	1	1	0	n/a	0	no_stop_early	0	0.592825	1
283	go	8	go_nogo	0	1	1	0.592570	0	0	0	0	0	0	1	1	0	n/a	0	no_stop_early	0	0.592570	1
284	go	8	go_nogo	0	1	1	0.694323	0	0	0	0	0	0	1	1	0	n/a	0	no_stop_early	0	0.694323	1
285	go	8	go_nogo	0	1	1	0.644996	0	0	0	0	0	0	1	1	0	n/a	0	no_stop_early	0	0.644996	1
286	go	8	go_nogo	0	1	1	0.860163	0	0	0	0	0	0	1	1	0	n/a	0	no_stop_early	0	0.860163	1
287	go	8	go_nogo	0	1	1	0.877325	0	0	0	0	0	0	1	1	0	0.660513	1	stopped_early	0	0.877325	1
288	go	8	go_nogo	0	1	1	0.625822	0	0	0	0	0	0	1	1	0	n/a	0	no_stop_early	0	0.625822	1
289	go	8	go_nogo	0	1	1	0.643113	0	0	0	0	0	0	1	1	0	n/a	0	no_stop_early	0	0.643113	1
290	go	8	go_nogo	0	1	1	0.611962	0	0	0	0	0	0	1	1	0	n/a	0	no_stop_early	0	0.611962	1
291	go	8	go_nogo	0	1	1	0.677242	0	0	0	0	0	0	1	1	0	n/a	0	no_stop_early	0	0.677242	1
292	nogo	8	go_nogo	0	0	0	n/a	0	0	0	0	0	0	0	0	0	0.495309	1	stopped_early	0	0.495309	1
293	go	8	go_nogo	0	1	1	0.576365	0	0	0	0	0	0	1	1	0	n/a	0	no_stop_early	0	0.576365	1
294	go	8	go_nogo	0	1	1	0.627908	0	0	0	0	0	0	1	1	0	n/a	0	no_stop_early	0	0.627908	1
295	nogo	8	go_nogo	0	0	0	n/a	0	0	0	0	0	0	0	0	0	0.560695	1	stopped_near_deadline	0	0.560695	1
296	go	8	go_nogo	0	1	1	0.576522	0	0	0	0	0	0	1	1	0	n/a	0	no_stop_early	0	0.576522	1
297	go	8	go_nogo	0	1	1	0.592730	0	0	0	0	0	0	1	1	0	n/a	0	no_stop_early	0	0.592730	1
298	go	8	go_nogo	0	1	1	0.628585	0	0	0	0	0	0	1	1	0	n/a	0	no_stop_early	0	0.628585	1
299	go	8	go_nogo	0	1	1	0.611911	0	0	0	0	0	0	1	1	0	n/a	0	no_stop_early	0	0.611911	1
300	go	8	go_nogo	0	1	1	0.543157	0	0	0	0	0	0	1	1	0	n/a	0	no_stop_early	0	0.543157	1
301	go	8	go_nogo	0	1	1	0.644646	0	0	0	0	0	0	1	1	0	n/a	0	no_stop_early	0	0.644646	1
302	go	8	go_nogo	0	1	1	0.660883	0	0	0	0	0	0	1	1	0	n/a	0	no_stop_early	0	0.660883	1
303	go	8	go_nogo	0	1	1	0.543262	0	0	0	0	0	0	1	1	0	n/a	0	no_stop_early	0	0.543262	1
304	nogo	8	go_nogo	0	0	0	n/a	0	0	0	0	0	0	0	0	0	0.410936	1	stopped_early	0	0.410936	1
305	go	8	go_nogo	0	1	1	0.608901	0	0	0	0	0	0	1	1	0	n/a	0	no_stop_early	0	0.608901	1
306	go	8	go_nogo	0	1	1	0.693214	0	0	0	0	0	0	1	1	0	n/a	0	no_stop_early	0	0.693214	1
307	go	8	go_nogo	0	1	1	0.612251	0	0	0	0	0	0	1	1	0	0.312208	1	stopped_early	0	0.612251	1
308	nogo	8	go_nogo	0	0	0	n/a	0	0	0	0	0	0	0	0	0	0.394405	1	stopped_early	0	0.394405	1
309	go	8	go_nogo	0	1	1	0.561213	0	0	0	0	0	0	1	1	0	n/a	0	no_stop_early	0	0.561213	1
310	nogo	8	go_nogo	0	0	0	n/a	0	0	0	0	0	0	0	0	0	0.494974	1	stopped_early	0	0.494974	1
311	go	8	go_nogo	0	1	1	0.678252	0	0	0	0	0	0	1	1	0	n/a	0	no_stop_early	0	0.678252	1
312	nogo	8	go_nogo	0	0	0	n/a	0	0	0	0	0	0	0	0	0	0.594173	1	stopped_early	0	0.594173	1
313	go	9	go_only	0	1	1	0.577878	0	0	0	0	0	0	1	1	0	n/a	0	no_stop_early	0	0.577878	1
314	go	9	go_only	0	1	1	0.579337	0	0	0	0	0	0	1	1	0	n/a	0	no_stop_early	0	0.579337	1
315	go	9	go_only	0	1	1	0.593103	0	0	0	0	0	0	1	1	0	n/a	0	no_stop_early	0	0.593103	1
316	go	9	go_only	0	1	1	0.510272	0	0	0	0	0	0	1	1	0	n/a	0	no_stop_early	0	0.510272	1
317	go	9	go_only	0	1	1	0.541223	0	0	0	0	0	0	1	1	0	n/a	0	no_stop_early	0	0.541223	1
318	go	9	go_only	0	1	1	0.544313	0	0	0	0	0	0	1	1	0	n/a	0	no_stop_early	0	0.544313	1
319	go	9	go_only	0	1	1	0.627230	0	0	0	0	0	0	1	1	0	n/a	0	no_stop_early	0	0.627230	1
320	go	9	go_only	0	1	1	0.544189	0	0	0	0	0	0	1	1	0	n/a	0	no_stop_early	0	0.544189	1
321	go	9	go_only	0	1	1	0.510612	0	0	0	0	0	0	1	1	0	n/a	0	no_stop_early	0	0.510612	1
322	go	9	go_only	0	1	1	0.412124	0	0	0	0	0	0	1	1	0	n/a	0	no_stop_early	0	0.412124	1
323	go	9	go_only	0	2	0	0.594792	0	0	0	0	0	0	1	1	0	0.561245	1	stopped_early	0	n/a	0
324	go	9	go_only	0	1	1	0.460201	0	0	0	0	0	0	1	1	0	n/a	0	no_stop_early	0	0.460201	1
325	go	9	go_only	0	1	1	0.376143	0	0	0	0	0	0	1	1	0	n/a	0	no_stop_early	0	0.376143	1
326	go	9	go_only	0	1	1	0.427560	0	0	0	0	0	0	1	1	0	n/a	0	no_stop_early	0	0.427560	1
327	go	9	go_only	0	1	1	0.512344	0	0	0	0	0	0	1	1	0	n/a	0	no_stop_early	0	0.512344	1
328	go	9	go_only	0	1	1	0.444633	0	0	0	0	0	0	1	1	0	n/a	0	no_stop_early	0	0.444633	1
329	go	9	go_only	0	1	1	0.429356	0	0	0	0	0	0	1	1	0	n/a	0	no_stop_early	0	0.429356	1
330	go	9	go_only	0	1	1	0.427267	0	0	0	0	0	0	1	1	0	n/a	0	no_stop_early	0	0.427267	1
331	go	10	go_nogo	0	2	0	0.612472	0	0	0	0	0	0	1	1	0	n/a	0	no_stop_early	0	n/a	0
332	nogo	10	go_nogo	0	0	0	n/a	0	0	0	0	0	0	0	0	0	0.344341	1	stopped_near_deadline	0	0.344341	1
333	go	10	go_nogo	0	1	1	0.577011	0	0	0	0	0	0	1	1	0	n/a	0	no_stop_early	0	0.577011	1
334	go	10	go_nogo	0	1	1	0.493336	0	0	0	0	0	0	1	1	0	n/a	0	no_stop_early	0	0.493336	1
335	go	10	go_nogo	0	1	1	0.558989	0	0	0	0	0	0	1	1	0	n/a	0	no_stop_early	0	0.558989	1
336	go	10	go_nogo	0	1	1	0.593252	0	0	0	0	0	0	1	1	0	n/a	0	no_stop_early	0	0.593252	1
337	go	10	go_nogo	0	1	1	0.561469	0	0	0	0	0	0	1	1	0	n/a	0	no_stop_early	0	0.561469	1
338	go	10	go_nogo	0	1	1	0.559016	0	0	0	0	0	0	1	1	0	n/a	0	no_stop_early	0	0.559016	1
339	go	10	go_nogo	0	1	1	0.578728	0	0	0	0	0	0	1	1	0	n/a	0	no_stop_early	0	0.578728	1
340	go	10	go_nogo	0	1	1	0.476576	0	0	0	0	0	0	1	1	0	n/a	0	no_stop_early	0	0.476576	1
341	go	10	go_nogo	0	1	1	0.608965	0	0	0	0	0	0	1	1	0	n/a	0	no_stop_early	0	0.608965	1
342	nogo	10	go_nogo	0	0	0	n/a	0	0	0	0	0	0	0	0	0	0.425860	1	stopped_early	0	0.425860	1
343	go	10	go_nogo	0	1	1	0.644727	0	0	0	0	0	0	1	1	0	n/a	0	no_stop_early	0	0.644727	1
344	nogo	10	go_nogo	0	0	0	n/a	0	0	0	0	0	0	0	0	0	0.393792	1	stopped_early	0	0.393792	1
345	go	10	go_nogo	0	2	0	0.578336	0	0	0	0	0	0	1	1	0	n/a	0	no_stop_early	0	n/a	0
346	go	10	go_nogo	0	1	1	0.594470	0	0	0	0	0	0	1	1	0	n/a	0	no_stop_early	0	0.594470	1
347	go	10	go_nogo	0	1	1	0.427421	0	0	0	0	0	0	1	1	0	n/a	0	no_stop_early	0	0.427421	1
348	go	10	go_nogo	0	1	1	0.510728	0	0	0	0	0	0	1	1	0	n/a	0	no_stop_early	0	0.510728	1
349	go	10	go_nogo	0	1	1	0.492139	0	0	0	0	0	0	1	1	0	n/a	0	no_stop_early	0	0.492139	1
350	go	10	go_nogo	0	1	1	0.510372	0	0	0	0	0	0	1	1	0	n/a	0	no_stop_early	0	0.510372	1
351	nogo	10	go_nogo	0	0	0	n/a	0	0	0	0	0	0	0	0	0	0.493820	1	stopped_early	0	0.493820	1
352	go	10	go_nogo	0	1	1	0.610301	0	0	0	0	0	0	1	1	0	n/a	0	no_stop_early	0	0.610301	1
353	go	10	go_nogo	0	1	1	0.559664	0	0	0	0	0	0	1	1	0	n/a	0	no_stop_early	0	0.559664	1
354	go	10	go_nogo	0	1	1	0.760832	0	0	0	0	0	0	1	1	0	0.494079	1	stopped_early	0	0.760832	1
355	go	10	go_nogo	0	1	1	0.512491	0	0	0	0	0	0	1	1	0	n/a	0	no_stop_early	0	0.512491	1
356	go	10	go_nogo	0	1	1	0.561052	0	0	0	0	0	0	1	1	0	n/a	0	no_stop_early	0	0.561052	1
357	nogo	10	go_nogo	0	0	0	n/a	0	0	0	0	0	0	0	0	0	0.392542	1	stopped_early	0	0.392542	1
358	go	10	go_nogo	0	1	1	0.494096	0	0	0	0	0	0	1	1	0	n/a	0	no_stop_early	0	0.494096	1
359	nogo	10	go_nogo	0	0	0	n/a	0	0	0	0	0	0	0	0	0	0.377211	1	stopped_near_deadline	0	0.377211	1
360	go	10	go_nogo	0	1	1	0.494310	0	0	0	0	0	0	1	1	0	n/a	0	no_stop_early	0	0.494310	1
361	nogo	10	go_nogo	0	0	0	n/a	0	0	0	0	0	0	0	0	0	n/a	0	no_stop_early	0	n/a	0
362	go	10	go_nogo	0	1	1	0.511165	0	0	0	0	0	0	1	1	0	n/a	0	no_stop_early	0	0.511165	1
363	go	10	go_nogo	0	1	1	0.561800	0	0	0	0	0	0	1	1	0	n/a	0	no_stop_early	0	0.561800	1
364	go	10	go_nogo	0	1	1	0.578289	0	0	0	0	0	0	1	1	0	n/a	0	no_stop_early	0	0.578289	1
365	go	10	go_nogo	0	1	1	0.594460	0	0	0	0	0	0	1	1	0	n/a	0	no_stop_early	0	0.594460	1
366	go	10	go_nogo	0	1	1	0.609939	0	0	0	0	0	0	1	1	0	n/a	0	no_stop_early	0	0.609939	1
367	go	10	go_nogo	0	1	1	0.709557	0	0	0	0	0	0	1	1	0	n/a	0	no_stop_early	0	0.709557	1
368	go	10	go_nogo	0	1	1	0.675940	0	0	0	0	0	0	1	1	0	n/a	0	no_stop_early	0	0.675940	1
369	go	10	go_nogo	0	1	1	0.592355	0	0	0	0	0	0	1	1	0	n/a	0	no_stop_early	0	0.592355	1
370	go	10	go_nogo	0	1	1	0.810387	0	0	0	0	0	0	1	1	0	n/a	0	no_stop_early	0	0.810387	1
371	nogo	10	go_nogo	0	0	0	n/a	0	0	0	0	0	0	0	0	0	0.509034	1	stopped_early	0	0.509034	1
372	go	10	go_nogo	0	1	1	0.860382	0	0	0	0	0	0	1	1	0	n/a	0	no_stop_early	0	0.860382	1
373	go	10	go_nogo	0	1	1	0.677063	0	0	0	0	0	0	1	1	0	n/a	0	no_stop_early	0	0.677063	1
374	go	10	go_nogo	0	1	1	0.642622	0	0	0	0	0	0	1	1	0	n/a	0	no_stop_early	0	0.642622	1
375	go	10	go_nogo	0	1	1	0.659236	0	0	0	0	0	0	1	1	0	n/a	0	no_stop_early	0	0.659236	1
376	nogo	10	go_nogo	0	0	0	n/a	0	0	0	0	0	0	0	0	0	0.426625	1	stopped_early	0	0.426625	1
377	go	10	go_nogo	0	1	1	0.625746	0	0	0	0	0	0	1	1	0	n/a	0	no_stop_early	0	0.625746	1
378	nogo	10	go_nogo	0	0	0	n/a	0	0	0	0	0	0	0	0	0	0.393432	1	stopped_early	0	0.393432	1
379	go	10	go_nogo	0	1	1	0.743052	0	0	0	0	0	0	1	1	0	0.143199	1	stopped_early	0	0.743052	1
380	go	10	go_nogo	0	1	1	0.725954	0	0	0	0	0	0	1	1	0	n/a	0	no_stop_early	0	0.725954	1
381	nogo	10	go_nogo	0	0	0	n/a	0	0	0	0	0	0	0	0	0	0.409819	1	stopped_early	0	0.409819	1
382	go	10	go_nogo	0	1	1	0.678423	0	0	0	0	0	0	1	1	0	n/a	0	no_stop_early	0	0.678423	1
383	go	10	go_nogo	0	1	1	0.742132	0	0	0	0	0	0	1	1	0	n/a	0	no_stop_early	0	0.742132	1
384	go	10	go_nogo	0	1	1	0.594375	0	0	0	0	0	0	1	1	0	n/a	0	no_stop_early	0	0.594375	1
385	nogo	10	go_nogo	0	0	0	n/a	0	0	0	0	0	0	0	0	0	0.460677	1	stopped_early	0	0.460677	1
386	go	10	go_nogo	0	1	1	0.644723	0	0	0	0	0	0	1	1	0	n/a	0	no_stop_early	0	0.644723	1
387	go	10	go_nogo	0	1	1	0.858078	0	0	0	0	0	0	1	1	0	0.391396	1	stopped_early	0	0.858078	1
388	go	10	go_nogo	0	1	1	0.642120	0	0	0	0	0	0	1	1	0	n/a	0	no_stop_early	0	0.642120	1
389	go	10	go_nogo	0	1	1	0.677187	0	0	0	0	0	0	1	1	0	n/a	0	no_stop_early	0	0.677187	1
390	go	10	go_nogo	0	1	1	0.625693	0	0	0	0	0	0	1	1	0	n/a	0	no_stop_early	0	0.625693	1
391	go	11	go_nogo	0	1	1	0.608665	0	0	0	0	0	0	1	1	0	n/a	0	no_stop_early	0	0.608665	1
392	nogo	11	go_nogo	0	0	0	n/a	0	0	0	0	0	0	0	0	0	0.443889	1	stopped_early	0	0.443889	1
393	go	11	go_nogo	0	1	1	0.643340	0	0	0	0	0	0	1	1	0	n/a	0	no_stop_early	0	0.643340	1
394	nogo	11	go_nogo	0	0	0	n/a	0	0	0	0	0	0	0	0	0	0.409213	1	stopped_early	0	0.409213	1
395	go	11	go_nogo	0	1	1	0.594116	0	0	0	0	0	0	1	1	0	n/a	0	no_stop_early	0	0.594116	1
396	go	11	go_nogo	0	1	1	0.610499	0	0	0	0	0	0	1	1	0	n/a	0	no_stop_early	0	0.610499	1
397	go	11	go_nogo	0	1	1	0.677753	0	0	0	0	0	0	1	1	0	n/a	0	no_stop_early	0	0.677753	1
398	go	11	go_nogo	0	1	1	0.610089	0	0	0	0	0	0	1	1	0	n/a	0	no_stop_early	0	0.610089	1
399	go	11	go_nogo	0	1	1	0.592692	0	0	0	0	0	0	1	1	0	n/a	0	no_stop_early	0	0.592692	1
400	go	11	go_nogo	0	1	1	0.626889	0	0	0	0	0	0	1	1	0	n/a	0	no_stop_early	0	0.626889	1
401	go	11	go_nogo	0	1	1	0.642108	0	0	0	0	0	0	1	1	0	n/a	0	no_stop_early	0	0.642108	1
402	nogo	11	go_nogo	0	0	0	n/a	0	0	0	0	0	0	0	0	0	0.477907	1	stopped_early	0	0.477907	1
403	go	11	go_nogo	0	1	1	0.577653	0	0	0	0	0	0	1	1	0	n/a	0	no_stop_early	0	0.577653	1
404	nogo	11	go_nogo	0	0	0	n/a	0	0	0	0	0	0	0	0	0	0.326105	1	stopped_early	0	0.326105	1
405	go	11	go_nogo	0	1	1	0.508613	0	0	0	0	0	0	1	1	0	n/a	0	no_stop_early	0	0.508613	1
406	go	11	go_nogo	0	1	1	0.559218	0	0	0	0	0	0	1	1	0	n/a	0	no_stop_early	0	0.559218	1
407	go	11	go_nogo	0	1	1	0.543522	0	0	0	0	0	0	1	1	0	n/a	0	no_stop_early	0	0.543522	1
408	go	11	go_nogo	0	1	1	0.560450	0	0	0	0	0	0	1	1	0	n/a	0	no_stop_early	0	0.560450	1
409	go	11	go_nogo	0	1	1	0.607975	0	0	0	0	0	0	1	1	0	n/a	0	no_stop_early	0	0.607975	1
410	go	11	go_nogo	0	1	1	0.579626	0	0	0	0	0	0	1	1	0	n/a	0	no_stop_early	0	0.579626	1
411	go	11	go_nogo	0	1	1	0.711655	0	0	0	0	0	0	1	1	0	n/a	0	no_stop_early	0	0.711655	1
412	nogo	11	go_nogo	0	0	0	n/a	0	0	0	0	0	0	0	0	0	0.427897	1	stopped_early	0	0.427897	1
413	go	11	go_nogo	0	1	1	0.625433	0	0	0	0	0	0	1	1	0	n/a	0	no_stop_early	0	0.625433	1
414	go	11	go_nogo	0	1	1	0.559342	0	0	0	0	0	0	1	1	0	n/a	0	no_stop_early	0	0.559342	1
415	go	11	go_nogo	0	1	1	0.742813	0	0	0	0	0	0	1	1	0	n/a	0	no_stop_early	0	0.742813	1
416	go	11	go_nogo	0	1	1	0.561595	0	0	0	0	0	0	1	1	0	n/a	0	no_stop_early	0	0.561595	1
417	go	11	go_nogo	0	1	1	0.675904	0	0	0	0	0	0	1	1	0	n/a	0	no_stop_early	0	0.675904	1
418	go	11	go_nogo	0	1	1	0.593081	0	0	0	0	0	0	1	1	0	n/a	0	no_stop_early	0	0.593081	1
419	nogo	11	go_nogo	0	0	0	n/a	0	0	0	0	0	0	0	0	0	0.592592	1	stopped_early	0	0.592592	1
420	go	11	go_nogo	0	1	1	0.509301	0	0	0	0	0	0	1	1	0	n/a	0	no_stop_early	0	0.509301	1
421	go	11	go_nogo	0	1	1	0.627819	0	0	0	0	0	0	1	1	0	n/a	0	no_stop_early	0	0.627819	1
422	go	11	go_nogo	0	1	1	0.543945	0	0	0	0	0	0	1	1	0	n/a	0	no_stop_early	0	0.543945	1
423	go	11	go_nogo	0	1	1	0.960327	0	0	0	0	0	0	1	1	0	n/a	0	no_stop_early	0	0.960327	1
424	nogo	11	go_nogo	0	0	0	n/a	0	0	0	0	0	0	0	0	0	0.393721	1	stopped_early	0	0.393721	1
425	go	11	go_nogo	0	1	1	0.508965	0	0	0	0	0	0	1	1	0	n/a	0	no_stop_early	0	0.508965	1
426	go	11	go_nogo	0	1	1	0.529103	0	0	0	0	0	0	1	1	0	n/a	0	no_stop_early	0	0.529103	1
427	go	11	go_nogo	0	1	1	0.609471	0	0	0	0	0	0	1	1	0	n/a	0	no_stop_early	0	0.609471	1
428	go	11	go_nogo	0	1	1	0.609604	0	0	0	0	0	0	1	1	0	n/a	0	no_stop_early	0	0.609604	1
429	go	11	go_nogo	0	1	1	0.642996	0	0	0	0	0	0	1	1	0	n/a	0	no_stop_early	0	0.642996	1
430	go	11	go_nogo	0	1	1	0.577918	0	0	0	0	0	0	1	1	0	n/a	0	no_stop_early	0	0.577918	1
431	nogo	11	go_nogo	0	0	0	n/a	0	0	0	0	0	0	0	0	0	0.427259	1	stopped_early	0	0.427259	1
432	go	11	go_nogo	0	1	1	0.626586	0	0	0	0	0	0	1	1	0	n/a	0	no_stop_early	0	0.626586	1
433	go	11	go_nogo	0	1	1	0.710596	0	0	0	0	0	0	1	1	0	n/a	0	no_stop_early	0	0.710596	1
434	go	11	go_nogo	0	1	1	0.561597	0	0	0	0	0	0	1	1	0	n/a	0	no_stop_early	0	0.561597	1
435	go	11	go_nogo	0	0	0	n/a	0	0	0	0	0	0	0	0	0	n/a	0	no_stop_early	0	n/a	0
436	go	11	go_nogo	0	1	1	0.526463	0	0	0	0	0	0	1	1	0	n/a	0	no_stop_early	0	0.526463	1
437	go	11	go_nogo	0	1	1	0.592067	0	0	0	0	0	0	1	1	0	n/a	0	no_stop_early	0	0.592067	1
438	go	11	go_nogo	0	1	1	0.477635	0	0	0	0	0	0	1	1	0	n/a	0	no_stop_early	0	0.477635	1
439	go	11	go_nogo	0	1	1	0.576062	0	0	0	0	0	0	1	1	0	n/a	0	no_stop_early	0	0.576062	1
440	go	11	go_nogo	0	1	1	0.711101	0	0	0	0	0	0	1	1	0	n/a	0	no_stop_early	0	0.711101	1
441	nogo	11	go_nogo	0	0	0	n/a	0	0	0	0	0	0	0	0	0	0.478249	1	stopped_early	0	0.478249	1
442	go	11	go_nogo	0	1	1	0.544556	0	0	0	0	0	0	1	1	0	n/a	0	no_stop_early	0	0.544556	1
443	nogo	11	go_nogo	0	0	0	n/a	0	0	0	0	0	0	0	0	0	0.425428	1	stopped_early	0	0.425428	1
444	go	11	go_nogo	0	1	1	0.661040	0	0	0	0	0	0	1	1	0	n/a	0	no_stop_early	0	0.661040	1
445	nogo	11	go_nogo	0	0	0	n/a	0	0	0	0	0	0	0	0	0	0.493738	1	stopped_early	0	0.493738	1
446	go	11	go_nogo	0	1	1	0.679148	0	0	0	0	0	0	1	1	0	n/a	0	no_stop_early	0	0.679148	1
447	go	11	go_nogo	0	1	1	0.760331	0	0	0	0	0	0	1	1	0	n/a	0	no_stop_early	0	0.760331	1
448	nogo	11	go_nogo	0	0	0	n/a	0	0	0	0	0	0	0	0	0	0.327164	1	stopped_early	0	0.327164	1
449	go	11	go_nogo	0	1	1	0.659757	0	0	0	0	0	0	1	1	0	n/a	0	no_stop_early	0	0.659757	1
450	go	11	go_nogo	0	1	1	0.611575	0	0	0	0	0	0	1	1	0	n/a	0	no_stop_early	0	0.611575	1
451	go	12	go_only	0	1	1	0.789240	0	0	0	0	0	0	1	1	0	n/a	0	no_stop_early	0	0.789240	1
452	go	12	go_only	0	1	1	0.510878	0	0	0	0	0	0	1	1	0	n/a	0	no_stop_early	0	0.510878	1
453	go	12	go_only	0	1	1	0.477934	0	0	0	0	0	0	1	1	0	n/a	0	no_stop_early	0	0.477934	1
454	go	12	go_only	0	1	1	0.641190	0	0	0	0	0	0	1	1	0	n/a	0	no_stop_early	0	0.641190	1
455	go	12	go_only	0	1	1	0.492435	0	0	0	0	0	0	1	1	0	n/a	0	no_stop_early	0	0.492435	1
456	go	12	go_only	0	1	1	0.412150	0	0	0	0	0	0	1	1	0	n/a	0	no_stop_early	0	0.412150	1
457	go	12	go_only	0	1	1	0.494023	0	0	0	0	0	0	1	1	0	n/a	0	no_stop_early	0	0.494023	1
458	go	12	go_only	0	1	1	0.346479	0	0	0	0	0	0	1	1	0	n/a	0	no_stop_early	0	0.346479	1
459	go	12	go_only	0	1	1	0.496620	0	0	0	0	0	0	1	1	0	n/a	0	no_stop_early	0	0.496620	1
460	go	12	go_only	0	1	1	0.460706	0	0	0	0	0	0	1	1	0	n/a	0	no_stop_early	0	0.460706	1
461	go	12	go_only	0	1	1	0.396195	0	0	0	0	0	0	1	1	0	n/a	0	no_stop_early	0	0.396195	1
462	go	12	go_only	0	1	1	0.426837	0	0	0	0	0	0	1	1	0	n/a	0	no_stop_early	0	0.426837	1
463	go	12	go_only	0	1	1	0.395237	0	0	0	0	0	0	1	1	0	n/a	0	no_stop_early	0	0.395237	1
464	go	12	go_only	0	1	1	0.492021	0	0	0	0	0	0	1	1	0	n/a	0	no_stop_early	0	0.492021	1
465	go	12	go_only	0	1	1	0.493539	0	0	0	0	0	0	1	1	0	n/a	0	no_stop_early	0	0.493539	1
466	go	12	go_only	0	1	1	0.409913	0	0	0	0	0	0	1	1	0	n/a	0	no_stop_early	0	0.409913	1
467	go	12	go_only	0	1	1	0.494420	0	0	0	0	0	0	1	1	0	n/a	0	no_stop_early	0	0.494420	1
468	go	12	go_only	0	1	1	0.459470	0	0	0	0	0	0	1	1	0	n/a	0	no_stop_early	0	0.459470	1
469	go	13	go_nogo	0	1	1	0.574185	0	0	0	0	0	0	1	1	0	n/a	0	no_stop_early	0	0.574185	1
470	go	13	go_nogo	0	1	1	0.577444	0	0	0	0	0	0	1	1	0	n/a	0	no_stop_early	0	0.577444	1
471	go	13	go_nogo	0	1	1	0.545066	0	0	0	0	0	0	1	1	0	n/a	0	no_stop_early	0	0.545066	1
472	go	13	go_nogo	0	1	1	0.543926	0	0	0	0	0	0	1	1	0	n/a	0	no_stop_early	0	0.543926	1
473	nogo	13	go_nogo	0	0	0	n/a	0	0	0	0	0	0	0	0	0	0.444437	1	stopped_early	0	0.444437	1
474	go	13	go_nogo	0	0	0	n/a	0	0	0	0	0	0	0	0	0	n/a	0	no_stop_early	0	n/a	0
475	go	13	go_nogo	0	1	1	0.561532	0	0	0	0	0	0	1	1	0	n/a	0	no_stop_early	0	0.561532	1
476	go	13	go_nogo	0	1	1	0.608771	0	0	0	0	0	0	1	1	0	n/a	0	no_stop_early	0	0.608771	1
477	nogo	13	go_nogo	0	0	0	n/a	0	0	0	0	0	0	0	0	0	0.361177	1	stopped_early	0	0.361177	1
478	go	13	go_nogo	0	1	1	0.594919	0	0	0	0	0	0	1	1	0	n/a	0	no_stop_early	0	0.594919	1
479	go	13	go_nogo	0	1	1	0.678285	0	0	0	0	0	0	1	1	0	n/a	0	no_stop_early	0	0.678285	1
480	go	13	go_nogo	0	1	1	0.626157	0	0	0	0	0	0	1	1	0	n/a	0	no_stop_early	0	0.626157	1
481	go	13	go_nogo	0	1	1	0.544791	0	0	0	0	0	0	1	1	0	n/a	0	no_stop_early	0	0.544791	1
482	go	13	go_nogo	0	1	1	0.593741	0	0	0	0	0	0	1	1	0	n/a	0	no_stop_early	0	0.593741	1
483	go	13	go_nogo	0	1	1	0.511157	0	0	0	0	0	0	1	1	0	n/a	0	no_stop_early	0	0.511157	1
484	go	13	go_nogo	0	1	1	0.594095	0	0	0	0	0	0	1	1	0	n/a	0	no_stop_early	0	0.594095	1
485	go	13	go_nogo	0	1	1	0.560920	0	0	0	0	0	0	1	1	0	n/a	0	no_stop_early	0	0.560920	1
486	go	13	go_nogo	0	1	1	0.511349	0	0	0	0	0	0	1	1	0	n/a	0	no_stop_early	0	0.511349	1
487	go	13	go_nogo	0	1	1	0.560255	0	0	0	0	0	0	1	1	0	n/a	0	no_stop_early	0	0.560255	1
488	go	13	go_nogo	0	1	1	0.578058	0	0	0	0	0	0	1	1	0	n/a	0	no_stop_early	0	0.578058	1
489	nogo	13	go_nogo	0	0	0	n/a	0	0	0	0	0	0	0	0	0	0.426253	1	stopped_early	0	0.426253	1
490	go	13	go_nogo	0	1	1	0.645638	0	0	0	0	0	0	1	1	0	n/a	0	no_stop_early	0	0.645638	1
491	nogo	13	go_nogo	0	0	0	n/a	0	0	0	0	0	0	0	0	0	0.394990	1	stopped_early	0	0.394990	1
492	go	13	go_nogo	0	1	1	0.594516	0	0	0	0	0	0	1	1	0	n/a	0	no_stop_early	0	0.594516	1
493	nogo	13	go_nogo	0	0	0	n/a	0	0	0	0	0	0	0	0	0	0.711483	1	stopped_early	0	0.711483	1
494	go	13	go_nogo	0	1	1	0.593248	0	0	0	0	0	0	1	1	0	n/a	0	no_stop_early	0	0.593248	1
495	go	13	go_nogo	0	1	1	0.611133	0	0	0	0	0	0	1	1	0	n/a	0	no_stop_early	0	0.611133	1
496	go	13	go_nogo	0	1	1	0.544412	0	0	0	0	0	0	1	1	0	n/a	0	no_stop_early	0	0.544412	1
497	go	13	go_nogo	0	1	1	0.576193	0	0	0	0	0	0	1	1	0	n/a	0	no_stop_early	0	0.576193	1
498	go	13	go_nogo	0	1	1	0.612568	0	0	0	0	0	0	1	1	0	n/a	0	no_stop_early	0	0.612568	1
499	go	13	go_nogo	0	1	1	0.560666	0	0	0	0	0	0	1	1	0	n/a	0	no_stop_early	0	0.560666	1
500	nogo	13	go_nogo	0	0	0	n/a	0	0	0	0	0	0	0	0	0	0.361216	1	stopped_early	0	0.361216	1
501	go	13	go_nogo	0	1	1	0.561623	0	0	0	0	0	0	1	1	0	n/a	0	no_stop_early	0	0.561623	1
502	nogo	13	go_nogo	0	0	0	n/a	0	0	0	0	0	0	0	0	0	0.427261	1	stopped_early	0	0.427261	1
503	go	13	go_nogo	0	1	1	0.577068	0	0	0	0	0	0	1	1	0	n/a	0	no_stop_early	0	0.577068	1
504	go	13	go_nogo	0	1	1	0.593537	0	0	0	0	0	0	1	1	0	n/a	0	no_stop_early	0	0.593537	1
505	go	13	go_nogo	0	1	1	0.527909	0	0	0	0	0	0	1	1	0	n/a	0	no_stop_early	0	0.527909	1
506	go	13	go_nogo	0	1	1	0.558979	0	0	0	0	0	0	1	1	0	n/a	0	no_stop_early	0	0.558979	1
507	go	13	go_nogo	0	1	1	0.577013	0	0	0	0	0	0	1	1	0	n/a	0	no_stop_early	0	0.577013	1
508	go	13	go_nogo	0	1	1	0.527020	0	0	0	0	0	0	1	1	0	0.343457	1	stopped_early	0	0.527020	1
509	go	13	go_nogo	0	1	1	0.611143	0	0	0	0	0	0	1	1	0	n/a	0	no_stop_early	0	0.611143	1
510	go	13	go_nogo	0	1	1	0.559192	0	0	0	0	0	0	1	1	0	n/a	0	no_stop_early	0	0.559192	1
511	go	13	go_nogo	0	1	1	0.559427	0	0	0	0	0	0	1	1	0	n/a	0	no_stop_early	0	0.559427	1
512	nogo	13	go_nogo	0	0	0	n/a	0	0	0	0	0	0	0	0	0	0.408943	1	stopped_near_deadline	0	0.408943	1
513	go	13	go_nogo	0	1	1	0.561137	0	0	0	0	0	0	1	1	0	n/a	0	no_stop_early	0	0.561137	1
514	go	13	go_nogo	0	1	1	0.578613	0	0	0	0	0	0	1	1	0	n/a	0	no_stop_early	0	0.578613	1
515	go	13	go_nogo	0	1	1	0.659634	0	0	0	0	0	0	1	1	0	n/a	0	no_stop_early	0	0.659634	1
516	go	13	go_nogo	0	1	1	0.542726	0	0	0	0	0	0	1	1	0	n/a	0	no_stop_early	0	0.542726	1
517	go	13	go_nogo	0	1	1	0.560616	0	0	0	0	0	0	1	1	0	n/a	0	no_stop_early	0	0.560616	1
518	nogo	13	go_nogo	0	0	0	n/a	0	0	0	0	0	0	0	0	0	0.377029	1	stopped_early	0	0.377029	1
519	go	13	go_nogo	0	1	1	0.610774	0	0	0	0	0	0	1	1	0	n/a	0	no_stop_early	0	0.610774	1
520	go	13	go_nogo	0	1	1	0.561475	0	0	0	0	0	0	1	1	0	n/a	0	no_stop_early	0	0.561475	1
521	go	13	go_nogo	0	1	1	0.560750	0	0	0	0	0	0	1	1	0	n/a	0	no_stop_early	0	0.560750	1
522	go	13	go_nogo	0	1	1	0.610559	0	0	0	0	0	0	1	1	0	n/a	0	no_stop_early	0	0.610559	1
523	nogo	13	go_nogo	0	0	0	n/a	0	0	0	0	0	0	0	0	0	0.393939	1	stopped_early	0	0.393939	1
524	go	13	go_nogo	0	1	1	0.609177	0	0	0	0	0	0	1	1	0	n/a	0	no_stop_early	0	0.609177	1
525	nogo	13	go_nogo	0	0	0	n/a	0	0	0	0	0	0	0	0	0	0.410115	1	stopped_early	0	0.410115	1
526	go	13	go_nogo	0	1	1	0.542015	0	0	0	0	0	0	1	1	0	n/a	0	no_stop_early	0	0.542015	1
527	go	13	go_nogo	0	2	0	0.643002	0	0	0	0	0	0	1	1	0	0.592970	1	stopped_early	0	n/a	0
528	nogo	13	go_nogo	0	0	0	n/a	0	0	0	0	0	0	0	0	0	0.261879	1	stopped_early	0	0.261879	1
529	go	14	go_nogo	0	1	1	0.560764	0	0	0	0	0	0	1	1	0	n/a	0	no_stop_early	0	0.560764	1
530	go	14	go_nogo	0	1	1	0.543703	0	0	0	0	0	0	1	1	0	n/a	0	no_stop_early	0	0.543703	1
531	nogo	14	go_nogo	0	0	0	n/a	0	0	0	0	0	0	0	0	0	0.410273	1	stopped_early	0	0.410273	1
532	go	14	go_nogo	0	1	1	0.526088	0	0	0	0	0	0	1	1	0	n/a	0	no_stop_early	0	0.526088	1
533	go	14	go_nogo	0	1	1	0.676225	0	0	0	0	0	0	1	1	0	n/a	0	no_stop_early	0	0.676225	1
534	go	14	go_nogo	0	1	1	0.642428	0	0	0	0	0	0	1	1	0	n/a	0	no_stop_early	0	0.642428	1
535	nogo	14	go_nogo	0	0	0	n/a	0	0	0	0	0	0	0	0	0	0.393564	1	stopped_early	0	0.393564	1
536	go	14	go_nogo	0	1	1	0.711110	0	0	0	0	0	0	1	1	0	n/a	0	no_stop_early	0	0.711110	1
537	nogo	14	go_nogo	0	0	0	n/a	0	0	0	0	0	0	0	0	0	0.612436	1	stopped_early	0	0.612436	1
538	go	14	go_nogo	0	1	1	0.661071	0	0	0	0	0	0	1	1	0	n/a	0	no_stop_early	0	0.661071	1
539	go	14	go_nogo	0	1	1	0.577467	0	0	0	0	0	0	1	1	0	n/a	0	no_stop_early	0	0.577467	1
540	go	14	go_nogo	0	1	1	0.693009	0	0	0	0	0	0	1	1	0	n/a	0	no_stop_early	0	0.693009	1
541	nogo	14	go_nogo	0	0	0	n/a	0	0	0	0	0	0	0	0	0	0.344150	1	stopped_early	0	0.344150	1
542	go	14	go_nogo	0	1	1	0.792173	0	0	0	0	0	0	1	1	0	n/a	0	no_stop_early	0	0.792173	1
543	go	14	go_nogo	0	1	1	0.561013	0	0	0	0	0	0	1	1	0	n/a	0	no_stop_early	0	0.561013	1
544	go	14	go_nogo	0	1	1	0.559342	0	0	0	0	0	0	1	1	0	n/a	0	no_stop_early	0	0.559342	1
545	go	14	go_nogo	0	1	1	0.626246	0	0	0	0	0	0	1	1	0	n/a	0	no_stop_early	0	0.626246	1
546	go	14	go_nogo	0	1	1	0.575819	0	0	0	0	0	0	1	1	0	n/a	0	no_stop_early	0	0.575819	1
547	go	14	go_nogo	0	1	1	0.594589	0	0	0	0	0	0	1	1	0	n/a	0	no_stop_early	0	0.594589	1
548	go	14	go_nogo	0	1	1	0.678372	0	0	0	0	0	0	1	1	0	n/a	0	no_stop_early	0	0.678372	1
549	go	14	go_nogo	0	1	1	0.676469	0	0	0	0	0	0	1	1	0	n/a	0	no_stop_early	0	0.676469	1
550	nogo	14	go_nogo	0	0	0	n/a	0	0	0	0	0	0	0	0	0	0.411057	1	stopped_early	0	0.411057	1
551	go	14	go_nogo	0	1	1	0.560171	0	0	0	0	0	0	1	1	0	n/a	0	no_stop_early	0	0.560171	1
552	nogo	14	go_nogo	0	0	0	n/a	0	0	0	0	0	0	0	0	0	0.392214	1	stopped_early	0	0.392214	1
553	go	14	go_nogo	0	1	1	0.727063	0	0	0	0	0	0	1	1	0	n/a	0	no_stop_early	0	0.727063	1
554	go	14	go_nogo	0	1	1	0.793084	0	0	0	0	0	0	1	1	0	n/a	0	no_stop_early	0	0.793084	1
555	go	14	go_nogo	0	1	1	0.708623	0	0	0	0	0	0	1	1	0	n/a	0	no_stop_early	0	0.708623	1
556	go	14	go_nogo	0	1	1	0.661185	0	0	0	0	0	0	1	1	0	n/a	0	no_stop_early	0	0.661185	1
557	go	14	go_nogo	0	1	1	0.795293	0	0	0	0	0	0	1	1	0	n/a	0	no_stop_early	0	0.795293	1
558	go	14	go_nogo	0	1	1	0.661912	0	0	0	0	0	0	1	1	0	n/a	0	no_stop_early	0	0.661912	1
559	nogo	14	go_nogo	0	0	0	n/a	0	0	0	0	0	0	0	0	0	0.476064	1	stopped_early	0	0.476064	1
560	go	14	go_nogo	0	1	1	0.677132	0	0	0	0	0	0	1	1	0	n/a	0	no_stop_early	0	0.677132	1
561	go	14	go_nogo	0	1	1	0.643076	0	0	0	0	0	0	1	1	0	n/a	0	no_stop_early	0	0.643076	1
562	go	14	go_nogo	0	1	1	0.779219	0	0	0	0	0	0	1	1	0	n/a	0	no_stop_early	0	0.779219	1
563	go	14	go_nogo	0	1	1	0.677441	0	0	0	0	0	0	1	1	0	n/a	0	no_stop_early	0	0.677441	1
564	nogo	14	go_nogo	0	0	0	n/a	0	0	0	0	0	0	0	0	0	0.377210	1	stopped_early	0	0.377210	1
565	go	14	go_nogo	0	1	1	0.559464	0	0	0	0	0	0	1	1	0	n/a	0	no_stop_early	0	0.559464	1
566	go	14	go_nogo	0	1	1	0.561978	0	0	0	0	0	0	1	1	0	n/a	0	no_stop_early	0	0.561978	1
567	nogo	14	go_nogo	0	0	0	n/a	0	0	0	0	0	0	0	0	0	0.376452	1	stopped_early	0	0.376452	1
568	go	14	go_nogo	0	1	1	0.726929	0	0	0	0	0	0	1	1	0	n/a	0	no_stop_early	0	0.726929	1
569	go	14	go_nogo	0	1	1	0.544827	0	0	0	0	0	0	1	1	0	n/a	0	no_stop_early	0	0.544827	1
570	nogo	14	go_nogo	0	0	0	n/a	0	0	0	0	0	0	0	0	0	0.392467	1	stopped_early	0	0.392467	1
571	go	14	go_nogo	0	1	1	0.643503	0	0	0	0	0	0	1	1	0	n/a	0	no_stop_early	0	0.643503	1
572	nogo	14	go_nogo	0	0	0	n/a	0	0	0	0	0	0	0	0	0	0.394629	1	stopped_early	0	0.394629	1
573	go	14	go_nogo	0	0	0	n/a	0	0	0	0	0	0	0	0	0	n/a	0	no_stop_early	0	n/a	0
574	go	14	go_nogo	0	1	1	0.727338	0	0	0	0	0	0	1	1	0	n/a	0	no_stop_early	0	0.727338	1
575	nogo	14	go_nogo	0	0	0	n/a	0	0	0	0	0	0	0	0	0	0.477934	1	stopped_early	0	0.477934	1
576	go	14	go_nogo	0	1	1	0.777851	0	0	0	0	0	0	1	1	0	n/a	0	no_stop_early	0	0.777851	1
577	go	14	go_nogo	0	1	1	0.861554	0	0	0	0	0	0	1	1	0	n/a	0	no_stop_early	0	0.861554	1
578	go	14	go_nogo	0	1	1	0.627337	0	0	0	0	0	0	1	1	0	n/a	0	no_stop_early	0	0.627337	1
579	go	14	go_nogo	0	1	1	0.528187	0	0	0	0	0	0	1	1	0	n/a	0	no_stop_early	0	0.528187	1
580	go	14	go_nogo	0	1	1	0.611331	0	0	0	0	0	0	1	1	0	n/a	0	no_stop_early	0	0.611331	1
581	go	14	go_nogo	0	1	1	0.693366	0	0	0	0	0	0	1	1	0	n/a	0	no_stop_early	0	0.693366	1
582	go	14	go_nogo	0	1	1	0.594154	0	0	0	0	0	0	1	1	0	n/a	0	no_stop_early	0	0.594154	1
583	go	14	go_nogo	0	1	1	0.511719	0	0	0	0	0	0	1	1	0	n/a	0	no_stop_early	0	0.511719	1
584	go	14	go_nogo	0	1	1	0.528251	0	0	0	0	0	0	1	1	0	n/a	0	no_stop_early	0	0.528251	1
585	go	14	go_nogo	0	1	1	0.595307	0	0	0	0	0	0	1	1	0	n/a	0	no_stop_early	0	0.595307	1
586	go	14	go_nogo	0	1	1	0.642591	0	0	0	0	0	0	1	1	0	n/a	0	no_stop_early	0	0.642591	1
587	go	14	go_nogo	0	1	1	0.644781	0	0	0	0	0	0	1	1	0	n/a	0	no_stop_early	0	0.644781	1
588	go	14	go_nogo	0	1	1	0.627047	0	0	0	0	0	0	1	1	0	n/a	0	no_stop_early	0	0.627047	1
589	go	15	go_only	0	1	1	0.494557	0	0	0	0	0	0	1	1	0	n/a	0	no_stop_early	0	0.494557	1
590	go	15	go_only	0	1	1	0.493220	0	0	0	0	0	0	1	1	0	n/a	0	no_stop_early	0	0.493220	1
591	go	15	go_only	0	1	1	0.511274	0	0	0	0	0	0	1	1	0	n/a	0	no_stop_early	0	0.511274	1
592	go	15	go_only	0	1	1	0.678456	0	0	0	0	0	0	1	1	0	n/a	0	no_stop_early	0	0.678456	1
593	go	15	go_only	0	1	1	0.428853	0	0	0	0	0	0	1	1	0	n/a	0	no_stop_early	0	0.428853	1
594	go	15	go_only	0	1	1	0.577478	0	0	0	0	0	0	1	1	0	n/a	0	no_stop_early	0	0.577478	1
595	go	15	go_only	0	1	1	0.559196	0	0	0	0	0	0	1	1	0	n/a	0	no_stop_early	0	0.559196	1
596	go	15	go_only	0	1	1	0.444125	0	0	0	0	0	0	1	1	0	n/a	0	no_stop_early	0	0.444125	1
597	go	15	go_only	0	1	1	0.445494	0	0	0	0	0	0	1	1	0	n/a	0	no_stop_early	0	0.445494	1
598	go	15	go_only	0	1	1	0.429003	0	0	0	0	0	0	1	1	0	n/a	0	no_stop_early	0	0.429003	1
599	go	15	go_only	0	1	1	0.477854	0	0	0	0	0	0	1	1	0	n/a	0	no_stop_early	0	0.477854	1
600	go	15	go_only	0	1	1	0.529458	0	0	0	0	0	0	1	1	0	n/a	0	no_stop_early	0	0.529458	1
601	go	15	go_only	0	1	1	0.544310	0	0	0	0	0	0	1	1	0	n/a	0	no_stop_early	0	0.544310	1
602	go	15	go_only	0	1	1	0.461318	0	0	0	0	0	0	1	1	0	n/a	0	no_stop_early	0	0.461318	1
603	go	15	go_only	0	1	1	0.478490	0	0	0	0	0	0	1	1	0	n/a	0	no_stop_early	0	0.478490	1
604	go	15	go_only	0	1	1	0.510883	0	0	0	0	0	0	1	1	0	n/a	0	no_stop_early	0	0.510883	1
605	go	15	go_only	0	1	1	0.428415	0	0	0	0	0	0	1	1	0	n/a	0	no_stop_early	0	0.428415	1
606	go	15	go_only	0	1	1	0.577378	0	0	0	0	0	0	1	1	0	n/a	0	no_stop_early	0	0.577378	1
